qnt,batch_index,t,c0_p,c1_p,c0_p_normalized,c1_p_normalized,c0_real,c1_real
CC,0,0.2244897959183673,0.46,0.54,0.46,0.54,0.46,0.54
PCC,0,0.2244897959183673,0.46,0.54,0.46,0.54,0.46,0.54
ACC,0,0.2244897959183673,0.46,0.54,0.46,0.54,0.46,0.54
PACC,0,0.2244897959183673,0.46,0.54,0.46,0.54,0.46,0.54
T50,0,0.2244897959183673,0.46,0.54,0.46,0.54,0.46,0.54
MAX,0,0.2244897959183673,0.46,0.54,0.46,0.54,0.46,0.54
MS,0,0.2244897959183673,0.46,0.54,0.46,0.54,0.46,0.54
MS2,0,0.2244897959183673,0.46,0.54,0.46,0.54,0.46,0.54
X,0,0.2244897959183673,0.46,0.54,0.46,0.54,0.46,0.54
SMM,0,0.2244897959183673,0.46,0.54,0.46,0.54,0.46,0.54
DyS,0,0.2244897959183673,0.46,0.54,0.46,0.54,0.46,0.54
DySyn,0,0.2244897959183673,0.46,0.54,0.46,0.54,0.46,0.54
HDy,0,0.2244897959183673,0.46,0.54,0.46,0.54,0.46,0.54
ACC_syn,0,0.2244897959183673,0.46,0.54,0.46,0.54,0.46,0.54
PACC_syn,0,0.2244897959183673,0.46,0.54,0.46,0.54,0.46,0.54
X_syn,0,0.2244897959183673,0.36,0.64,0.36,0.64,0.46,0.54
MAX_syn,0,0.2244897959183673,0.36,0.64,0.36,0.64,0.46,0.54
T50_syn,0,0.2244897959183673,0.03,0.97,0.03,0.97,0.46,0.54
MS_syn,0,0.2244897959183673,0.44,0.56,0.44,0.56,0.46,0.54
MS2_syn,0,0.2244897959183673,0.44,0.56,0.44,0.56,0.46,0.54
SMM_syn,0,0.2244897959183673,0.45,0.55,0.45,0.55,0.46,0.54
HDy_syn,0,0.2244897959183673,0.46,0.54,0.46,0.54,0.46,0.54
DyS_cdt,0,0.2244897959183673,0.46,0.54,0.46,0.54,0.46,0.54
ACC_cdt,0,0.2244897959183673,0.46,0.54,0.46,0.54,0.46,0.54
PACC_cdt,0,0.2244897959183673,0.46,0.54,0.46,0.54,0.46,0.54
X_cdt,0,0.2244897959183673,0.46,0.54,0.46,0.54,0.46,0.54
MAX_cdt,0,0.2244897959183673,0.46,0.54,0.46,0.54,0.46,0.54
T50_cdt,0,0.2244897959183673,0.46,0.54,0.46,0.54,0.46,0.54
MS_cdt,0,0.2244897959183673,0.46,0.54,0.46,0.54,0.46,0.54
MS2_cdt,0,0.2244897959183673,0.46,0.54,0.46,0.54,0.46,0.54
SMM_cdt,0,0.2244897959183673,0.46,0.54,0.46,0.54,0.46,0.54
HDy_cdt,0,0.2244897959183673,0.46,0.54,0.46,0.54,0.46,0.54
CC2,0,0.2244897959183673,0.46,0.54,0.46,0.54,0.46,0.54
PWK,0,0.2244897959183673,0.46,0.54,0.46,0.54,0.46,0.54
HDx,0,0.2244897959183673,0.44,0.56,0.44,0.56,0.46,0.54
GAC,0,0.2244897959183673,0.46,0.54,0.46,0.54,0.46,0.54
GPAC,0,0.2244897959183673,0.46,0.54,0.46,0.54,0.46,0.54
FM,0,0.2244897959183673,0.46,0.54,0.46,0.54,0.46,0.54
EMQ,0,0.2244897959183673,0.46,0.54,0.46,0.54,0.46,0.54
KDEyHD,0,0.2244897959183673,0.46,0.54,0.46,0.54,0.46,0.54
KDEyCS,0,0.2244897959183673,0.46,0.54,0.46,0.54,0.46,0.54
KDEyML,0,0.2244897959183673,0.46,0.54,0.46,0.54,0.46,0.54
CC,1,0.2448979591836734,0.49,0.51,0.49,0.51,0.49,0.51
PCC,1,0.2448979591836734,0.49,0.51,0.49,0.51,0.49,0.51
ACC,1,0.2448979591836734,0.49,0.51,0.49,0.51,0.49,0.51
PACC,1,0.2448979591836734,0.49,0.51,0.49,0.51,0.49,0.51
T50,1,0.2448979591836734,0.51,0.49,0.51,0.49,0.49,0.51
MAX,1,0.2448979591836734,0.49,0.51,0.49,0.51,0.49,0.51
MS,1,0.2448979591836734,0.49,0.51,0.49,0.51,0.49,0.51
MS2,1,0.2448979591836734,0.49,0.51,0.49,0.51,0.49,0.51
X,1,0.2448979591836734,0.49,0.51,0.49,0.51,0.49,0.51
SMM,1,0.2448979591836734,0.49,0.51,0.49,0.51,0.49,0.51
DyS,1,0.2448979591836734,0.49,0.51,0.49,0.51,0.49,0.51
DySyn,1,0.2448979591836734,0.5,0.5,0.5,0.5,0.49,0.51
HDy,1,0.2448979591836734,0.49,0.51,0.49,0.51,0.49,0.51
ACC_syn,1,0.2448979591836734,0.49,0.51,0.49,0.51,0.49,0.51
PACC_syn,1,0.2448979591836734,0.49,0.51,0.49,0.51,0.49,0.51
X_syn,1,0.2448979591836734,0.37,0.63,0.37,0.63,0.49,0.51
MAX_syn,1,0.2448979591836734,0.37,0.63,0.37,0.63,0.49,0.51
T50_syn,1,0.2448979591836734,0.1,0.9,0.1,0.9,0.49,0.51
MS_syn,1,0.2448979591836734,0.47,0.53,0.47,0.53,0.49,0.51
MS2_syn,1,0.2448979591836734,0.47,0.53,0.47,0.53,0.49,0.51
SMM_syn,1,0.2448979591836734,0.48,0.52,0.48,0.52,0.49,0.51
HDy_syn,1,0.2448979591836734,0.52,0.48,0.52,0.48,0.49,0.51
DyS_cdt,1,0.2448979591836734,0.49,0.51,0.49,0.51,0.49,0.51
ACC_cdt,1,0.2448979591836734,0.49,0.51,0.49,0.51,0.49,0.51
PACC_cdt,1,0.2448979591836734,0.49,0.51,0.49,0.51,0.49,0.51
X_cdt,1,0.2448979591836734,0.49,0.51,0.49,0.51,0.49,0.51
MAX_cdt,1,0.2448979591836734,0.49,0.51,0.49,0.51,0.49,0.51
T50_cdt,1,0.2448979591836734,0.51,0.49,0.51,0.49,0.49,0.51
MS_cdt,1,0.2448979591836734,0.49,0.51,0.49,0.51,0.49,0.51
MS2_cdt,1,0.2448979591836734,0.49,0.51,0.49,0.51,0.49,0.51
SMM_cdt,1,0.2448979591836734,0.49,0.51,0.49,0.51,0.49,0.51
HDy_cdt,1,0.2448979591836734,0.49,0.51,0.49,0.51,0.49,0.51
CC2,1,0.2448979591836734,0.49,0.51,0.49,0.51,0.49,0.51
PWK,1,0.2448979591836734,0.49,0.51,0.49,0.51,0.49,0.51
HDx,1,0.2448979591836734,0.47,0.53,0.47,0.53,0.49,0.51
GAC,1,0.2448979591836734,0.49,0.51,0.49,0.51,0.49,0.51
GPAC,1,0.2448979591836734,0.49,0.51,0.49,0.51,0.49,0.51
FM,1,0.2448979591836734,0.49,0.51,0.49,0.51,0.49,0.51
EMQ,1,0.2448979591836734,0.49,0.51,0.49,0.51,0.49,0.51
KDEyHD,1,0.2448979591836734,0.49,0.51,0.49,0.51,0.49,0.51
KDEyCS,1,0.2448979591836734,0.48,0.52,0.48,0.52,0.49,0.51
KDEyML,1,0.2448979591836734,0.49,0.51,0.49,0.51,0.49,0.51
CC,2,0.2653061224489795,0.53,0.47,0.53,0.47,0.54,0.46
PCC,2,0.2653061224489795,0.53,0.47,0.53,0.47,0.54,0.46
ACC,2,0.2653061224489795,0.53,0.47,0.53,0.47,0.54,0.46
PACC,2,0.2653061224489795,0.53,0.47,0.53,0.47,0.54,0.46
T50,2,0.2653061224489795,0.55,0.45,0.55,0.45,0.54,0.46
MAX,2,0.2653061224489795,0.53,0.47,0.53,0.47,0.54,0.46
MS,2,0.2653061224489795,0.53,0.47,0.53,0.47,0.54,0.46
MS2,2,0.2653061224489795,0.53,0.47,0.53,0.47,0.54,0.46
X,2,0.2653061224489795,0.53,0.47,0.53,0.47,0.54,0.46
SMM,2,0.2653061224489795,0.53,0.47,0.53,0.47,0.54,0.46
DyS,2,0.2653061224489795,0.53,0.47,0.53,0.47,0.54,0.46
DySyn,2,0.2653061224489795,0.54,0.46,0.54,0.46,0.54,0.46
HDy,2,0.2653061224489795,0.53,0.47,0.53,0.47,0.54,0.46
ACC_syn,2,0.2653061224489795,0.53,0.47,0.53,0.47,0.54,0.46
PACC_syn,2,0.2653061224489795,0.53,0.47,0.53,0.47,0.54,0.46
X_syn,2,0.2653061224489795,0.41,0.59,0.41,0.59,0.54,0.46
MAX_syn,2,0.2653061224489795,0.41,0.59,0.41,0.59,0.54,0.46
T50_syn,2,0.2653061224489795,0.09,0.91,0.09,0.91,0.54,0.46
MS_syn,2,0.2653061224489795,0.51,0.49,0.51,0.49,0.54,0.46
MS2_syn,2,0.2653061224489795,0.52,0.48,0.52,0.48,0.54,0.46
SMM_syn,2,0.2653061224489795,0.54,0.46,0.54,0.46,0.54,0.46
HDy_syn,2,0.2653061224489795,0.52,0.48,0.52,0.48,0.54,0.46
DyS_cdt,2,0.2653061224489795,0.53,0.47,0.53,0.47,0.54,0.46
ACC_cdt,2,0.2653061224489795,0.53,0.47,0.53,0.47,0.54,0.46
PACC_cdt,2,0.2653061224489795,0.53,0.47,0.53,0.47,0.54,0.46
X_cdt,2,0.2653061224489795,0.53,0.47,0.53,0.47,0.54,0.46
MAX_cdt,2,0.2653061224489795,0.53,0.47,0.53,0.47,0.54,0.46
T50_cdt,2,0.2653061224489795,0.55,0.45,0.55,0.45,0.54,0.46
MS_cdt,2,0.2653061224489795,0.53,0.47,0.53,0.47,0.54,0.46
MS2_cdt,2,0.2653061224489795,0.53,0.47,0.53,0.47,0.54,0.46
SMM_cdt,2,0.2653061224489795,0.53,0.47,0.53,0.47,0.54,0.46
HDy_cdt,2,0.2653061224489795,0.53,0.47,0.53,0.47,0.54,0.46
CC2,2,0.2653061224489795,0.53,0.47,0.53,0.47,0.54,0.46
PWK,2,0.2653061224489795,0.53,0.47,0.53,0.47,0.54,0.46
HDx,2,0.2653061224489795,0.51,0.49,0.51,0.49,0.54,0.46
GAC,2,0.2653061224489795,0.53,0.47,0.53,0.47,0.54,0.46
GPAC,2,0.2653061224489795,0.53,0.47,0.53,0.47,0.54,0.46
FM,2,0.2653061224489795,0.53,0.47,0.53,0.47,0.54,0.46
EMQ,2,0.2653061224489795,0.53,0.47,0.53,0.47,0.54,0.46
KDEyHD,2,0.2653061224489795,0.53,0.47,0.53,0.47,0.54,0.46
KDEyCS,2,0.2653061224489795,0.53,0.47,0.53,0.47,0.54,0.46
KDEyML,2,0.2653061224489795,0.53,0.47,0.53,0.47,0.54,0.46
CC,3,0.2857142857142857,0.45,0.55,0.45,0.55,0.45,0.55
PCC,3,0.2857142857142857,0.45,0.55,0.45,0.55,0.45,0.55
ACC,3,0.2857142857142857,0.45,0.55,0.45,0.55,0.45,0.55
PACC,3,0.2857142857142857,0.45,0.55,0.45,0.55,0.45,0.55
T50,3,0.2857142857142857,0.49,0.51,0.49,0.51,0.45,0.55
MAX,3,0.2857142857142857,0.45,0.55,0.45,0.55,0.45,0.55
MS,3,0.2857142857142857,0.45,0.55,0.45,0.55,0.45,0.55
MS2,3,0.2857142857142857,0.45,0.55,0.45,0.55,0.45,0.55
X,3,0.2857142857142857,0.45,0.55,0.45,0.55,0.45,0.55
SMM,3,0.2857142857142857,0.45,0.55,0.45,0.55,0.45,0.55
DyS,3,0.2857142857142857,0.45,0.55,0.45,0.55,0.45,0.55
DySyn,3,0.2857142857142857,0.45,0.55,0.45,0.55,0.45,0.55
HDy,3,0.2857142857142857,0.45,0.55,0.45,0.55,0.45,0.55
ACC_syn,3,0.2857142857142857,0.45,0.55,0.45,0.55,0.45,0.55
PACC_syn,3,0.2857142857142857,0.45,0.55,0.45,0.55,0.45,0.55
X_syn,3,0.2857142857142857,0.33,0.67,0.33,0.67,0.45,0.55
MAX_syn,3,0.2857142857142857,0.33,0.67,0.33,0.67,0.45,0.55
T50_syn,3,0.2857142857142857,0.07,0.93,0.07,0.93,0.45,0.55
MS_syn,3,0.2857142857142857,0.43,0.57,0.43,0.57,0.45,0.55
MS2_syn,3,0.2857142857142857,0.43,0.57,0.43,0.57,0.45,0.55
SMM_syn,3,0.2857142857142857,0.44,0.56,0.44,0.56,0.45,0.55
HDy_syn,3,0.2857142857142857,0.45,0.55,0.45,0.55,0.45,0.55
DyS_cdt,3,0.2857142857142857,0.45,0.55,0.45,0.55,0.45,0.55
ACC_cdt,3,0.2857142857142857,0.45,0.55,0.45,0.55,0.45,0.55
PACC_cdt,3,0.2857142857142857,0.45,0.55,0.45,0.55,0.45,0.55
X_cdt,3,0.2857142857142857,0.45,0.55,0.45,0.55,0.45,0.55
MAX_cdt,3,0.2857142857142857,0.45,0.55,0.45,0.55,0.45,0.55
T50_cdt,3,0.2857142857142857,0.49,0.51,0.49,0.51,0.45,0.55
MS_cdt,3,0.2857142857142857,0.45,0.55,0.45,0.55,0.45,0.55
MS2_cdt,3,0.2857142857142857,0.45,0.55,0.45,0.55,0.45,0.55
SMM_cdt,3,0.2857142857142857,0.45,0.55,0.45,0.55,0.45,0.55
HDy_cdt,3,0.2857142857142857,0.45,0.55,0.45,0.55,0.45,0.55
CC2,3,0.2857142857142857,0.45,0.55,0.45,0.55,0.45,0.55
PWK,3,0.2857142857142857,0.45,0.55,0.45,0.55,0.45,0.55
HDx,3,0.2857142857142857,0.42,0.58,0.42,0.58,0.45,0.55
GAC,3,0.2857142857142857,0.45,0.55,0.45,0.55,0.45,0.55
GPAC,3,0.2857142857142857,0.45,0.55,0.45,0.55,0.45,0.55
FM,3,0.2857142857142857,0.45,0.55,0.45,0.55,0.45,0.55
EMQ,3,0.2857142857142857,0.45,0.55,0.45,0.55,0.45,0.55
KDEyHD,3,0.2857142857142857,0.45,0.55,0.45,0.55,0.45,0.55
KDEyCS,3,0.2857142857142857,0.45,0.55,0.45,0.55,0.45,0.55
KDEyML,3,0.2857142857142857,0.45,0.55,0.45,0.55,0.45,0.55
CC,4,0.3061224489795918,0.45,0.55,0.45,0.55,0.44,0.56
PCC,4,0.3061224489795918,0.45,0.55,0.45,0.55,0.44,0.56
ACC,4,0.3061224489795918,0.44,0.56,0.44,0.56,0.44,0.56
PACC,4,0.3061224489795918,0.45,0.55,0.45,0.55,0.44,0.56
T50,4,0.3061224489795918,0.47,0.53,0.47,0.53,0.44,0.56
MAX,4,0.3061224489795918,0.45,0.55,0.45,0.55,0.44,0.56
MS,4,0.3061224489795918,0.44,0.56,0.44,0.56,0.44,0.56
MS2,4,0.3061224489795918,0.44,0.56,0.44,0.56,0.44,0.56
X,4,0.3061224489795918,0.44,0.56,0.44,0.56,0.44,0.56
SMM,4,0.3061224489795918,0.45,0.55,0.45,0.55,0.44,0.56
DyS,4,0.3061224489795918,0.44,0.56,0.44,0.56,0.44,0.56
DySyn,4,0.3061224489795918,0.45,0.55,0.45,0.55,0.44,0.56
HDy,4,0.3061224489795918,0.44,0.56,0.44,0.56,0.44,0.56
ACC_syn,4,0.3061224489795918,0.45,0.55,0.45,0.55,0.44,0.56
PACC_syn,4,0.3061224489795918,0.45,0.55,0.45,0.55,0.44,0.56
X_syn,4,0.3061224489795918,0.33,0.67,0.33,0.67,0.44,0.56
MAX_syn,4,0.3061224489795918,0.33,0.67,0.33,0.67,0.44,0.56
T50_syn,4,0.3061224489795918,0.04,0.96,0.04,0.96,0.44,0.56
MS_syn,4,0.3061224489795918,0.43,0.57,0.43,0.57,0.44,0.56
MS2_syn,4,0.3061224489795918,0.43,0.57,0.43,0.57,0.44,0.56
SMM_syn,4,0.3061224489795918,0.44,0.56,0.44,0.56,0.44,0.56
HDy_syn,4,0.3061224489795918,0.43,0.57,0.43,0.57,0.44,0.56
DyS_cdt,4,0.3061224489795918,0.44,0.56,0.44,0.56,0.44,0.56
ACC_cdt,4,0.3061224489795918,0.44,0.56,0.44,0.56,0.44,0.56
PACC_cdt,4,0.3061224489795918,0.45,0.55,0.45,0.55,0.44,0.56
X_cdt,4,0.3061224489795918,0.44,0.56,0.44,0.56,0.44,0.56
MAX_cdt,4,0.3061224489795918,0.45,0.55,0.45,0.55,0.44,0.56
T50_cdt,4,0.3061224489795918,0.47,0.53,0.47,0.53,0.44,0.56
MS_cdt,4,0.3061224489795918,0.44,0.56,0.44,0.56,0.44,0.56
MS2_cdt,4,0.3061224489795918,0.44,0.56,0.44,0.56,0.44,0.56
SMM_cdt,4,0.3061224489795918,0.45,0.55,0.45,0.55,0.44,0.56
HDy_cdt,4,0.3061224489795918,0.44,0.56,0.44,0.56,0.44,0.56
CC2,4,0.3061224489795918,0.45,0.55,0.45,0.55,0.44,0.56
PWK,4,0.3061224489795918,0.44,0.56,0.44,0.56,0.44,0.56
HDx,4,0.3061224489795918,0.38,0.62,0.38,0.62,0.44,0.56
GAC,4,0.3061224489795918,0.44,0.56,0.44,0.56,0.44,0.56
GPAC,4,0.3061224489795918,0.45,0.55,0.45,0.55,0.44,0.56
FM,4,0.3061224489795918,0.44,0.56,0.44,0.56,0.44,0.56
EMQ,4,0.3061224489795918,0.44,0.56,0.44,0.56,0.44,0.56
KDEyHD,4,0.3061224489795918,0.44,0.56,0.44,0.56,0.44,0.56
KDEyCS,4,0.3061224489795918,0.44,0.56,0.44,0.56,0.44,0.56
KDEyML,4,0.3061224489795918,0.44,0.56,0.44,0.56,0.44,0.56
CC,5,0.3265306122448979,0.48,0.52,0.48,0.52,0.49,0.51
PCC,5,0.3265306122448979,0.48,0.52,0.48,0.52,0.49,0.51
ACC,5,0.3265306122448979,0.48,0.52,0.48,0.52,0.49,0.51
PACC,5,0.3265306122448979,0.48,0.52,0.48,0.52,0.49,0.51
T50,5,0.3265306122448979,0.53,0.47,0.53,0.47,0.49,0.51
MAX,5,0.3265306122448979,0.48,0.52,0.48,0.52,0.49,0.51
MS,5,0.3265306122448979,0.48,0.52,0.48,0.52,0.49,0.51
MS2,5,0.3265306122448979,0.48,0.52,0.48,0.52,0.49,0.51
X,5,0.3265306122448979,0.48,0.52,0.48,0.52,0.49,0.51
SMM,5,0.3265306122448979,0.48,0.52,0.48,0.52,0.49,0.51
DyS,5,0.3265306122448979,0.48,0.52,0.48,0.52,0.49,0.51
DySyn,5,0.3265306122448979,0.47,0.53,0.47,0.53,0.49,0.51
HDy,5,0.3265306122448979,0.48,0.52,0.48,0.52,0.49,0.51
ACC_syn,5,0.3265306122448979,0.48,0.52,0.48,0.52,0.49,0.51
PACC_syn,5,0.3265306122448979,0.48,0.52,0.48,0.52,0.49,0.51
X_syn,5,0.3265306122448979,0.34,0.66,0.34,0.66,0.49,0.51
MAX_syn,5,0.3265306122448979,0.34,0.66,0.34,0.66,0.49,0.51
T50_syn,5,0.3265306122448979,0.12,0.88,0.12,0.88,0.49,0.51
MS_syn,5,0.3265306122448979,0.46,0.54,0.46,0.54,0.49,0.51
MS2_syn,5,0.3265306122448979,0.46,0.54,0.46,0.54,0.49,0.51
SMM_syn,5,0.3265306122448979,0.47,0.53,0.47,0.53,0.49,0.51
HDy_syn,5,0.3265306122448979,0.5,0.5,0.5,0.5,0.49,0.51
DyS_cdt,5,0.3265306122448979,0.48,0.52,0.48,0.52,0.49,0.51
ACC_cdt,5,0.3265306122448979,0.48,0.52,0.48,0.52,0.49,0.51
PACC_cdt,5,0.3265306122448979,0.48,0.52,0.48,0.52,0.49,0.51
X_cdt,5,0.3265306122448979,0.48,0.52,0.48,0.52,0.49,0.51
MAX_cdt,5,0.3265306122448979,0.48,0.52,0.48,0.52,0.49,0.51
T50_cdt,5,0.3265306122448979,0.53,0.47,0.53,0.47,0.49,0.51
MS_cdt,5,0.3265306122448979,0.48,0.52,0.48,0.52,0.49,0.51
MS2_cdt,5,0.3265306122448979,0.48,0.52,0.48,0.52,0.49,0.51
SMM_cdt,5,0.3265306122448979,0.48,0.52,0.48,0.52,0.49,0.51
HDy_cdt,5,0.3265306122448979,0.48,0.52,0.48,0.52,0.49,0.51
CC2,5,0.3265306122448979,0.48,0.52,0.48,0.52,0.49,0.51
PWK,5,0.3265306122448979,0.48,0.52,0.48,0.52,0.49,0.51
HDx,5,0.3265306122448979,0.45,0.55,0.45,0.55,0.49,0.51
GAC,5,0.3265306122448979,0.48,0.52,0.48,0.52,0.49,0.51
GPAC,5,0.3265306122448979,0.48,0.52,0.48,0.52,0.49,0.51
FM,5,0.3265306122448979,0.48,0.52,0.48,0.52,0.49,0.51
EMQ,5,0.3265306122448979,0.48,0.52,0.48,0.52,0.49,0.51
KDEyHD,5,0.3265306122448979,0.48,0.52,0.48,0.52,0.49,0.51
KDEyCS,5,0.3265306122448979,0.48,0.52,0.48,0.52,0.49,0.51
KDEyML,5,0.3265306122448979,0.48,0.52,0.48,0.52,0.49,0.51
CC,6,0.3469387755102041,0.47,0.53,0.47,0.53,0.48,0.52
PCC,6,0.3469387755102041,0.48,0.52,0.48,0.52,0.48,0.52
ACC,6,0.3469387755102041,0.47,0.53,0.47,0.53,0.48,0.52
PACC,6,0.3469387755102041,0.48,0.52,0.48,0.52,0.48,0.52
T50,6,0.3469387755102041,0.53,0.47,0.53,0.47,0.48,0.52
MAX,6,0.3469387755102041,0.47,0.53,0.47,0.53,0.48,0.52
MS,6,0.3469387755102041,0.47,0.53,0.47,0.53,0.48,0.52
MS2,6,0.3469387755102041,0.47,0.53,0.47,0.53,0.48,0.52
X,6,0.3469387755102041,0.47,0.53,0.47,0.53,0.48,0.52
SMM,6,0.3469387755102041,0.48,0.52,0.48,0.52,0.48,0.52
DyS,6,0.3469387755102041,0.48,0.52,0.48,0.52,0.48,0.52
DySyn,6,0.3469387755102041,0.47,0.53,0.47,0.53,0.48,0.52
HDy,6,0.3469387755102041,0.47,0.53,0.47,0.53,0.48,0.52
ACC_syn,6,0.3469387755102041,0.47,0.53,0.47,0.53,0.48,0.52
PACC_syn,6,0.3469387755102041,0.48,0.52,0.48,0.52,0.48,0.52
X_syn,6,0.3469387755102041,0.34,0.66,0.34,0.66,0.48,0.52
MAX_syn,6,0.3469387755102041,0.34,0.66,0.34,0.66,0.48,0.52
T50_syn,6,0.3469387755102041,0.07,0.93,0.07,0.93,0.48,0.52
MS_syn,6,0.3469387755102041,0.46,0.54,0.46,0.54,0.48,0.52
MS2_syn,6,0.3469387755102041,0.46,0.54,0.46,0.54,0.48,0.52
SMM_syn,6,0.3469387755102041,0.47,0.53,0.47,0.53,0.48,0.52
HDy_syn,6,0.3469387755102041,0.48,0.52,0.48,0.52,0.48,0.52
DyS_cdt,6,0.3469387755102041,0.48,0.52,0.48,0.52,0.48,0.52
ACC_cdt,6,0.3469387755102041,0.47,0.53,0.47,0.53,0.48,0.52
PACC_cdt,6,0.3469387755102041,0.48,0.52,0.48,0.52,0.48,0.52
X_cdt,6,0.3469387755102041,0.47,0.53,0.47,0.53,0.48,0.52
MAX_cdt,6,0.3469387755102041,0.47,0.53,0.47,0.53,0.48,0.52
T50_cdt,6,0.3469387755102041,0.53,0.47,0.53,0.47,0.48,0.52
MS_cdt,6,0.3469387755102041,0.47,0.53,0.47,0.53,0.48,0.52
MS2_cdt,6,0.3469387755102041,0.47,0.53,0.47,0.53,0.48,0.52
SMM_cdt,6,0.3469387755102041,0.48,0.52,0.48,0.52,0.48,0.52
HDy_cdt,6,0.3469387755102041,0.47,0.53,0.47,0.53,0.48,0.52
CC2,6,0.3469387755102041,0.47,0.53,0.47,0.53,0.48,0.52
PWK,6,0.3469387755102041,0.48,0.52,0.48,0.52,0.48,0.52
HDx,6,0.3469387755102041,0.43,0.57,0.43,0.57,0.48,0.52
GAC,6,0.3469387755102041,0.47,0.53,0.47,0.53,0.48,0.52
GPAC,6,0.3469387755102041,0.48,0.52,0.48,0.52,0.48,0.52
FM,6,0.3469387755102041,0.47,0.53,0.47,0.53,0.48,0.52
EMQ,6,0.3469387755102041,0.47,0.53,0.47,0.53,0.48,0.52
KDEyHD,6,0.3469387755102041,0.48,0.52,0.48,0.52,0.48,0.52
KDEyCS,6,0.3469387755102041,0.48,0.52,0.48,0.52,0.48,0.52
KDEyML,6,0.3469387755102041,0.48,0.52,0.48,0.52,0.48,0.52
CC,7,0.3673469387755101,0.49,0.51,0.49,0.51,0.49,0.51
PCC,7,0.3673469387755101,0.49,0.51,0.49,0.51,0.49,0.51
ACC,7,0.3673469387755101,0.49,0.51,0.49,0.51,0.49,0.51
PACC,7,0.3673469387755101,0.49,0.51,0.49,0.51,0.49,0.51
T50,7,0.3673469387755101,0.53,0.47,0.53,0.47,0.49,0.51
MAX,7,0.3673469387755101,0.49,0.51,0.49,0.51,0.49,0.51
MS,7,0.3673469387755101,0.49,0.51,0.49,0.51,0.49,0.51
MS2,7,0.3673469387755101,0.49,0.51,0.49,0.51,0.49,0.51
X,7,0.3673469387755101,0.49,0.51,0.49,0.51,0.49,0.51
SMM,7,0.3673469387755101,0.49,0.51,0.49,0.51,0.49,0.51
DyS,7,0.3673469387755101,0.49,0.51,0.49,0.51,0.49,0.51
DySyn,7,0.3673469387755101,0.49,0.51,0.49,0.51,0.49,0.51
HDy,7,0.3673469387755101,0.49,0.51,0.49,0.51,0.49,0.51
ACC_syn,7,0.3673469387755101,0.49,0.51,0.49,0.51,0.49,0.51
PACC_syn,7,0.3673469387755101,0.49,0.51,0.49,0.51,0.49,0.51
X_syn,7,0.3673469387755101,0.35,0.65,0.35,0.65,0.49,0.51
MAX_syn,7,0.3673469387755101,0.35,0.65,0.35,0.65,0.49,0.51
T50_syn,7,0.3673469387755101,0.11,0.89,0.11,0.89,0.49,0.51
MS_syn,7,0.3673469387755101,0.47,0.53,0.47,0.53,0.49,0.51
MS2_syn,7,0.3673469387755101,0.47,0.53,0.47,0.53,0.49,0.51
SMM_syn,7,0.3673469387755101,0.49,0.51,0.49,0.51,0.49,0.51
HDy_syn,7,0.3673469387755101,0.49,0.51,0.49,0.51,0.49,0.51
DyS_cdt,7,0.3673469387755101,0.49,0.51,0.49,0.51,0.49,0.51
ACC_cdt,7,0.3673469387755101,0.49,0.51,0.49,0.51,0.49,0.51
PACC_cdt,7,0.3673469387755101,0.49,0.51,0.49,0.51,0.49,0.51
X_cdt,7,0.3673469387755101,0.49,0.51,0.49,0.51,0.49,0.51
MAX_cdt,7,0.3673469387755101,0.49,0.51,0.49,0.51,0.49,0.51
T50_cdt,7,0.3673469387755101,0.53,0.47,0.53,0.47,0.49,0.51
MS_cdt,7,0.3673469387755101,0.49,0.51,0.49,0.51,0.49,0.51
MS2_cdt,7,0.3673469387755101,0.49,0.51,0.49,0.51,0.49,0.51
SMM_cdt,7,0.3673469387755101,0.49,0.51,0.49,0.51,0.49,0.51
HDy_cdt,7,0.3673469387755101,0.49,0.51,0.49,0.51,0.49,0.51
CC2,7,0.3673469387755101,0.49,0.51,0.49,0.51,0.49,0.51
PWK,7,0.3673469387755101,0.49,0.51,0.49,0.51,0.49,0.51
HDx,7,0.3673469387755101,0.47,0.53,0.47,0.53,0.49,0.51
GAC,7,0.3673469387755101,0.49,0.51,0.49,0.51,0.49,0.51
GPAC,7,0.3673469387755101,0.49,0.51,0.49,0.51,0.49,0.51
FM,7,0.3673469387755101,0.49,0.51,0.49,0.51,0.49,0.51
EMQ,7,0.3673469387755101,0.49,0.51,0.49,0.51,0.49,0.51
KDEyHD,7,0.3673469387755101,0.49,0.51,0.49,0.51,0.49,0.51
KDEyCS,7,0.3673469387755101,0.49,0.51,0.49,0.51,0.49,0.51
KDEyML,7,0.3673469387755101,0.49,0.51,0.49,0.51,0.49,0.51
CC,8,0.3877551020408163,0.47,0.53,0.47,0.53,0.46,0.54
PCC,8,0.3877551020408163,0.47,0.53,0.47,0.53,0.46,0.54
ACC,8,0.3877551020408163,0.47,0.53,0.47,0.53,0.46,0.54
PACC,8,0.3877551020408163,0.47,0.53,0.47,0.53,0.46,0.54
T50,8,0.3877551020408163,0.53,0.47,0.53,0.47,0.46,0.54
MAX,8,0.3877551020408163,0.47,0.53,0.47,0.53,0.46,0.54
MS,8,0.3877551020408163,0.47,0.53,0.47,0.53,0.46,0.54
MS2,8,0.3877551020408163,0.47,0.53,0.47,0.53,0.46,0.54
X,8,0.3877551020408163,0.47,0.53,0.47,0.53,0.46,0.54
SMM,8,0.3877551020408163,0.47,0.53,0.47,0.53,0.46,0.54
DyS,8,0.3877551020408163,0.47,0.53,0.47,0.53,0.46,0.54
DySyn,8,0.3877551020408163,0.47,0.53,0.47,0.53,0.46,0.54
HDy,8,0.3877551020408163,0.46,0.54,0.46,0.54,0.46,0.54
ACC_syn,8,0.3877551020408163,0.47,0.53,0.47,0.53,0.46,0.54
PACC_syn,8,0.3877551020408163,0.47,0.53,0.47,0.53,0.46,0.54
X_syn,8,0.3877551020408163,0.32,0.68,0.32,0.68,0.46,0.54
MAX_syn,8,0.3877551020408163,0.32,0.68,0.32,0.68,0.46,0.54
T50_syn,8,0.3877551020408163,0.07,0.93,0.07,0.93,0.46,0.54
MS_syn,8,0.3877551020408163,0.45,0.55,0.45,0.55,0.46,0.54
MS2_syn,8,0.3877551020408163,0.45,0.55,0.45,0.55,0.46,0.54
SMM_syn,8,0.3877551020408163,0.45,0.55,0.45,0.55,0.46,0.54
HDy_syn,8,0.3877551020408163,0.47,0.53,0.47,0.53,0.46,0.54
DyS_cdt,8,0.3877551020408163,0.47,0.53,0.47,0.53,0.46,0.54
ACC_cdt,8,0.3877551020408163,0.47,0.53,0.47,0.53,0.46,0.54
PACC_cdt,8,0.3877551020408163,0.47,0.53,0.47,0.53,0.46,0.54
X_cdt,8,0.3877551020408163,0.47,0.53,0.47,0.53,0.46,0.54
MAX_cdt,8,0.3877551020408163,0.47,0.53,0.47,0.53,0.46,0.54
T50_cdt,8,0.3877551020408163,0.53,0.47,0.53,0.47,0.46,0.54
MS_cdt,8,0.3877551020408163,0.47,0.53,0.47,0.53,0.46,0.54
MS2_cdt,8,0.3877551020408163,0.47,0.53,0.47,0.53,0.46,0.54
SMM_cdt,8,0.3877551020408163,0.47,0.53,0.47,0.53,0.46,0.54
HDy_cdt,8,0.3877551020408163,0.46,0.54,0.46,0.54,0.46,0.54
CC2,8,0.3877551020408163,0.47,0.53,0.47,0.53,0.46,0.54
PWK,8,0.3877551020408163,0.46,0.54,0.46,0.54,0.46,0.54
HDx,8,0.3877551020408163,0.42,0.58,0.42,0.58,0.46,0.54
GAC,8,0.3877551020408163,0.47,0.53,0.47,0.53,0.46,0.54
GPAC,8,0.3877551020408163,0.47,0.53,0.47,0.53,0.46,0.54
FM,8,0.3877551020408163,0.47,0.53,0.47,0.53,0.46,0.54
EMQ,8,0.3877551020408163,0.46,0.54,0.46,0.54,0.46,0.54
KDEyHD,8,0.3877551020408163,0.47,0.53,0.47,0.53,0.46,0.54
KDEyCS,8,0.3877551020408163,0.46,0.54,0.46,0.54,0.46,0.54
KDEyML,8,0.3877551020408163,0.47,0.53,0.47,0.53,0.46,0.54
CC,9,0.4081632653061224,0.55,0.45,0.55,0.45,0.56,0.44
PCC,9,0.4081632653061224,0.55,0.45,0.55,0.45,0.56,0.44
ACC,9,0.4081632653061224,0.56,0.44,0.56,0.44,0.56,0.44
PACC,9,0.4081632653061224,0.56,0.44,0.56,0.44,0.56,0.44
T50,9,0.4081632653061224,0.63,0.37,0.63,0.37,0.56,0.44
MAX,9,0.4081632653061224,0.56,0.44,0.56,0.44,0.56,0.44
MS,9,0.4081632653061224,0.56,0.44,0.56,0.44,0.56,0.44
MS2,9,0.4081632653061224,0.56,0.44,0.56,0.44,0.56,0.44
X,9,0.4081632653061224,0.56,0.44,0.56,0.44,0.56,0.44
SMM,9,0.4081632653061224,0.56,0.44,0.56,0.44,0.56,0.44
DyS,9,0.4081632653061224,0.56,0.44,0.56,0.44,0.56,0.44
DySyn,9,0.4081632653061224,0.57,0.43,0.57,0.43,0.56,0.44
HDy,9,0.4081632653061224,0.56,0.44,0.56,0.44,0.56,0.44
ACC_syn,9,0.4081632653061224,0.55,0.45,0.55,0.45,0.56,0.44
PACC_syn,9,0.4081632653061224,0.55,0.45,0.55,0.45,0.56,0.44
X_syn,9,0.4081632653061224,0.39,0.61,0.39,0.61,0.56,0.44
MAX_syn,9,0.4081632653061224,0.39,0.61,0.39,0.61,0.56,0.44
T50_syn,9,0.4081632653061224,0.22,0.78,0.22,0.78,0.56,0.44
MS_syn,9,0.4081632653061224,0.54,0.46,0.54,0.46,0.56,0.44
MS2_syn,9,0.4081632653061224,0.54,0.46,0.54,0.46,0.56,0.44
SMM_syn,9,0.4081632653061224,0.57,0.43,0.57,0.43,0.56,0.44
HDy_syn,9,0.4081632653061224,0.55,0.45,0.55,0.45,0.56,0.44
DyS_cdt,9,0.4081632653061224,0.56,0.44,0.56,0.44,0.56,0.44
ACC_cdt,9,0.4081632653061224,0.56,0.44,0.56,0.44,0.56,0.44
PACC_cdt,9,0.4081632653061224,0.56,0.44,0.56,0.44,0.56,0.44
X_cdt,9,0.4081632653061224,0.56,0.44,0.56,0.44,0.56,0.44
MAX_cdt,9,0.4081632653061224,0.56,0.44,0.56,0.44,0.56,0.44
T50_cdt,9,0.4081632653061224,0.63,0.37,0.63,0.37,0.56,0.44
MS_cdt,9,0.4081632653061224,0.56,0.44,0.56,0.44,0.56,0.44
MS2_cdt,9,0.4081632653061224,0.56,0.44,0.56,0.44,0.56,0.44
SMM_cdt,9,0.4081632653061224,0.56,0.44,0.56,0.44,0.56,0.44
HDy_cdt,9,0.4081632653061224,0.56,0.44,0.56,0.44,0.56,0.44
CC2,9,0.4081632653061224,0.55,0.45,0.55,0.45,0.56,0.44
PWK,9,0.4081632653061224,0.56,0.44,0.56,0.44,0.56,0.44
HDx,9,0.4081632653061224,0.51,0.49,0.51,0.49,0.56,0.44
GAC,9,0.4081632653061224,0.56,0.44,0.56,0.44,0.56,0.44
GPAC,9,0.4081632653061224,0.56,0.44,0.56,0.44,0.56,0.44
FM,9,0.4081632653061224,0.56,0.44,0.56,0.44,0.56,0.44
EMQ,9,0.4081632653061224,0.56,0.44,0.56,0.44,0.56,0.44
KDEyHD,9,0.4081632653061224,0.56,0.44,0.56,0.44,0.56,0.44
KDEyCS,9,0.4081632653061224,0.56,0.44,0.56,0.44,0.56,0.44
KDEyML,9,0.4081632653061224,0.56,0.44,0.56,0.44,0.56,0.44
CC,10,0.4285714285714285,0.44,0.56,0.44,0.56,0.43,0.57
PCC,10,0.4285714285714285,0.44,0.56,0.44,0.56,0.43,0.57
ACC,10,0.4285714285714285,0.44,0.56,0.44,0.56,0.43,0.57
PACC,10,0.4285714285714285,0.43,0.57,0.43,0.57,0.43,0.57
T50,10,0.4285714285714285,0.5,0.5,0.5,0.5,0.43,0.57
MAX,10,0.4285714285714285,0.44,0.56,0.44,0.56,0.43,0.57
MS,10,0.4285714285714285,0.44,0.56,0.44,0.56,0.43,0.57
MS2,10,0.4285714285714285,0.44,0.56,0.44,0.56,0.43,0.57
X,10,0.4285714285714285,0.44,0.56,0.44,0.56,0.43,0.57
SMM,10,0.4285714285714285,0.43,0.57,0.43,0.57,0.43,0.57
DyS,10,0.4285714285714285,0.43,0.57,0.43,0.57,0.43,0.57
DySyn,10,0.4285714285714285,0.45,0.55,0.45,0.55,0.43,0.57
HDy,10,0.4285714285714285,0.43,0.57,0.43,0.57,0.43,0.57
ACC_syn,10,0.4285714285714285,0.44,0.56,0.44,0.56,0.43,0.57
PACC_syn,10,0.4285714285714285,0.43,0.57,0.43,0.57,0.43,0.57
X_syn,10,0.4285714285714285,0.29,0.71,0.29,0.71,0.43,0.57
MAX_syn,10,0.4285714285714285,0.29,0.71,0.29,0.71,0.43,0.57
T50_syn,10,0.4285714285714285,0.04,0.96,0.04,0.96,0.43,0.57
MS_syn,10,0.4285714285714285,0.42,0.58,0.42,0.58,0.43,0.57
MS2_syn,10,0.4285714285714285,0.42,0.58,0.42,0.58,0.43,0.57
SMM_syn,10,0.4285714285714285,0.42,0.58,0.42,0.58,0.43,0.57
HDy_syn,10,0.4285714285714285,0.45,0.55,0.45,0.55,0.43,0.57
DyS_cdt,10,0.4285714285714285,0.43,0.57,0.43,0.57,0.43,0.57
ACC_cdt,10,0.4285714285714285,0.44,0.56,0.44,0.56,0.43,0.57
PACC_cdt,10,0.4285714285714285,0.43,0.57,0.43,0.57,0.43,0.57
X_cdt,10,0.4285714285714285,0.44,0.56,0.44,0.56,0.43,0.57
MAX_cdt,10,0.4285714285714285,0.44,0.56,0.44,0.56,0.43,0.57
T50_cdt,10,0.4285714285714285,0.5,0.5,0.5,0.5,0.43,0.57
MS_cdt,10,0.4285714285714285,0.44,0.56,0.44,0.56,0.43,0.57
MS2_cdt,10,0.4285714285714285,0.44,0.56,0.44,0.56,0.43,0.57
SMM_cdt,10,0.4285714285714285,0.43,0.57,0.43,0.57,0.43,0.57
HDy_cdt,10,0.4285714285714285,0.43,0.57,0.43,0.57,0.43,0.57
CC2,10,0.4285714285714285,0.44,0.56,0.44,0.56,0.43,0.57
PWK,10,0.4285714285714285,0.43,0.57,0.43,0.57,0.43,0.57
HDx,10,0.4285714285714285,0.36,0.64,0.36,0.64,0.43,0.57
GAC,10,0.4285714285714285,0.44,0.56,0.44,0.56,0.43,0.57
GPAC,10,0.4285714285714285,0.43,0.57,0.43,0.57,0.43,0.57
FM,10,0.4285714285714285,0.44,0.56,0.44,0.56,0.43,0.57
EMQ,10,0.4285714285714285,0.43,0.57,0.43,0.57,0.43,0.57
KDEyHD,10,0.4285714285714285,0.43,0.57,0.43,0.57,0.43,0.57
KDEyCS,10,0.4285714285714285,0.43,0.57,0.43,0.57,0.43,0.57
KDEyML,10,0.4285714285714285,0.43,0.57,0.43,0.57,0.43,0.57
CC,11,0.4489795918367346,0.51,0.49,0.51,0.49,0.51,0.49
PCC,11,0.4489795918367346,0.51,0.49,0.51,0.49,0.51,0.49
ACC,11,0.4489795918367346,0.51,0.49,0.51,0.49,0.51,0.49
PACC,11,0.4489795918367346,0.51,0.49,0.51,0.49,0.51,0.49
T50,11,0.4489795918367346,0.58,0.42,0.58,0.42,0.51,0.49
MAX,11,0.4489795918367346,0.51,0.49,0.51,0.49,0.51,0.49
MS,11,0.4489795918367346,0.51,0.49,0.51,0.49,0.51,0.49
MS2,11,0.4489795918367346,0.51,0.49,0.51,0.49,0.51,0.49
X,11,0.4489795918367346,0.51,0.49,0.51,0.49,0.51,0.49
SMM,11,0.4489795918367346,0.51,0.49,0.51,0.49,0.51,0.49
DyS,11,0.4489795918367346,0.51,0.49,0.51,0.49,0.51,0.49
DySyn,11,0.4489795918367346,0.53,0.47,0.53,0.47,0.51,0.49
HDy,11,0.4489795918367346,0.51,0.49,0.51,0.49,0.51,0.49
ACC_syn,11,0.4489795918367346,0.51,0.49,0.51,0.49,0.51,0.49
PACC_syn,11,0.4489795918367346,0.51,0.49,0.51,0.49,0.51,0.49
X_syn,11,0.4489795918367346,0.37,0.63,0.37,0.63,0.51,0.49
MAX_syn,11,0.4489795918367346,0.37,0.63,0.37,0.63,0.51,0.49
T50_syn,11,0.4489795918367346,0.18,0.82,0.18,0.82,0.51,0.49
MS_syn,11,0.4489795918367346,0.49,0.51,0.49,0.51,0.51,0.49
MS2_syn,11,0.4489795918367346,0.49,0.51,0.49,0.51,0.51,0.49
SMM_syn,11,0.4489795918367346,0.51,0.49,0.51,0.49,0.51,0.49
HDy_syn,11,0.4489795918367346,0.51,0.49,0.51,0.49,0.51,0.49
DyS_cdt,11,0.4489795918367346,0.51,0.49,0.51,0.49,0.51,0.49
ACC_cdt,11,0.4489795918367346,0.51,0.49,0.51,0.49,0.51,0.49
PACC_cdt,11,0.4489795918367346,0.51,0.49,0.51,0.49,0.51,0.49
X_cdt,11,0.4489795918367346,0.51,0.49,0.51,0.49,0.51,0.49
MAX_cdt,11,0.4489795918367346,0.51,0.49,0.51,0.49,0.51,0.49
T50_cdt,11,0.4489795918367346,0.58,0.42,0.58,0.42,0.51,0.49
MS_cdt,11,0.4489795918367346,0.51,0.49,0.51,0.49,0.51,0.49
MS2_cdt,11,0.4489795918367346,0.51,0.49,0.51,0.49,0.51,0.49
SMM_cdt,11,0.4489795918367346,0.51,0.49,0.51,0.49,0.51,0.49
HDy_cdt,11,0.4489795918367346,0.51,0.49,0.51,0.49,0.51,0.49
CC2,11,0.4489795918367346,0.51,0.49,0.51,0.49,0.51,0.49
PWK,11,0.4489795918367346,0.51,0.49,0.51,0.49,0.51,0.49
HDx,11,0.4489795918367346,0.45,0.55,0.45,0.55,0.51,0.49
GAC,11,0.4489795918367346,0.51,0.49,0.51,0.49,0.51,0.49
GPAC,11,0.4489795918367346,0.51,0.49,0.51,0.49,0.51,0.49
FM,11,0.4489795918367346,0.51,0.49,0.51,0.49,0.51,0.49
EMQ,11,0.4489795918367346,0.51,0.49,0.51,0.49,0.51,0.49
KDEyHD,11,0.4489795918367346,0.51,0.49,0.51,0.49,0.51,0.49
KDEyCS,11,0.4489795918367346,0.51,0.49,0.51,0.49,0.51,0.49
KDEyML,11,0.4489795918367346,0.51,0.49,0.51,0.49,0.51,0.49
CC,12,0.4693877551020408,0.51,0.49,0.51,0.49,0.51,0.49
PCC,12,0.4693877551020408,0.51,0.49,0.51,0.49,0.51,0.49
ACC,12,0.4693877551020408,0.51,0.49,0.51,0.49,0.51,0.49
PACC,12,0.4693877551020408,0.51,0.49,0.51,0.49,0.51,0.49
T50,12,0.4693877551020408,0.57,0.43,0.57,0.43,0.51,0.49
MAX,12,0.4693877551020408,0.51,0.49,0.51,0.49,0.51,0.49
MS,12,0.4693877551020408,0.51,0.49,0.51,0.49,0.51,0.49
MS2,12,0.4693877551020408,0.51,0.49,0.51,0.49,0.51,0.49
X,12,0.4693877551020408,0.51,0.49,0.51,0.49,0.51,0.49
SMM,12,0.4693877551020408,0.51,0.49,0.51,0.49,0.51,0.49
DyS,12,0.4693877551020408,0.51,0.49,0.51,0.49,0.51,0.49
DySyn,12,0.4693877551020408,0.49,0.51,0.49,0.51,0.51,0.49
HDy,12,0.4693877551020408,0.51,0.49,0.51,0.49,0.51,0.49
ACC_syn,12,0.4693877551020408,0.51,0.49,0.51,0.49,0.51,0.49
PACC_syn,12,0.4693877551020408,0.51,0.49,0.51,0.49,0.51,0.49
X_syn,12,0.4693877551020408,0.35,0.65,0.35,0.65,0.51,0.49
MAX_syn,12,0.4693877551020408,0.35,0.65,0.35,0.65,0.51,0.49
T50_syn,12,0.4693877551020408,0.15,0.85,0.15,0.85,0.51,0.49
MS_syn,12,0.4693877551020408,0.49,0.51,0.49,0.51,0.51,0.49
MS2_syn,12,0.4693877551020408,0.49,0.51,0.49,0.51,0.51,0.49
SMM_syn,12,0.4693877551020408,0.51,0.49,0.51,0.49,0.51,0.49
HDy_syn,12,0.4693877551020408,0.5,0.5,0.5,0.5,0.51,0.49
DyS_cdt,12,0.4693877551020408,0.51,0.49,0.51,0.49,0.51,0.49
ACC_cdt,12,0.4693877551020408,0.51,0.49,0.51,0.49,0.51,0.49
PACC_cdt,12,0.4693877551020408,0.51,0.49,0.51,0.49,0.51,0.49
X_cdt,12,0.4693877551020408,0.51,0.49,0.51,0.49,0.51,0.49
MAX_cdt,12,0.4693877551020408,0.51,0.49,0.51,0.49,0.51,0.49
T50_cdt,12,0.4693877551020408,0.57,0.43,0.57,0.43,0.51,0.49
MS_cdt,12,0.4693877551020408,0.51,0.49,0.51,0.49,0.51,0.49
MS2_cdt,12,0.4693877551020408,0.51,0.49,0.51,0.49,0.51,0.49
SMM_cdt,12,0.4693877551020408,0.51,0.49,0.51,0.49,0.51,0.49
HDy_cdt,12,0.4693877551020408,0.51,0.49,0.51,0.49,0.51,0.49
CC2,12,0.4693877551020408,0.51,0.49,0.51,0.49,0.51,0.49
PWK,12,0.4693877551020408,0.51,0.49,0.51,0.49,0.51,0.49
HDx,12,0.4693877551020408,0.45,0.55,0.45,0.55,0.51,0.49
GAC,12,0.4693877551020408,0.51,0.49,0.51,0.49,0.51,0.49
GPAC,12,0.4693877551020408,0.51,0.49,0.51,0.49,0.51,0.49
FM,12,0.4693877551020408,0.51,0.49,0.51,0.49,0.51,0.49
EMQ,12,0.4693877551020408,0.51,0.49,0.51,0.49,0.51,0.49
KDEyHD,12,0.4693877551020408,0.51,0.49,0.51,0.49,0.51,0.49
KDEyCS,12,0.4693877551020408,0.51,0.49,0.51,0.49,0.51,0.49
KDEyML,12,0.4693877551020408,0.51,0.49,0.51,0.49,0.51,0.49
CC,13,0.4897959183673469,0.46,0.54,0.46,0.54,0.46,0.54
PCC,13,0.4897959183673469,0.46,0.54,0.46,0.54,0.46,0.54
ACC,13,0.4897959183673469,0.46,0.54,0.46,0.54,0.46,0.54
PACC,13,0.4897959183673469,0.46,0.54,0.46,0.54,0.46,0.54
T50,13,0.4897959183673469,0.54,0.46,0.54,0.46,0.46,0.54
MAX,13,0.4897959183673469,0.46,0.54,0.46,0.54,0.46,0.54
MS,13,0.4897959183673469,0.46,0.54,0.46,0.54,0.46,0.54
MS2,13,0.4897959183673469,0.46,0.54,0.46,0.54,0.46,0.54
X,13,0.4897959183673469,0.46,0.54,0.46,0.54,0.46,0.54
SMM,13,0.4897959183673469,0.46,0.54,0.46,0.54,0.46,0.54
DyS,13,0.4897959183673469,0.46,0.54,0.46,0.54,0.46,0.54
DySyn,13,0.4897959183673469,0.47,0.53,0.47,0.53,0.46,0.54
HDy,13,0.4897959183673469,0.46,0.54,0.46,0.54,0.46,0.54
ACC_syn,13,0.4897959183673469,0.46,0.54,0.46,0.54,0.46,0.54
PACC_syn,13,0.4897959183673469,0.46,0.54,0.46,0.54,0.46,0.54
X_syn,13,0.4897959183673469,0.29,0.71,0.29,0.71,0.46,0.54
MAX_syn,13,0.4897959183673469,0.29,0.71,0.29,0.71,0.46,0.54
T50_syn,13,0.4897959183673469,0.09,0.91,0.09,0.91,0.46,0.54
MS_syn,13,0.4897959183673469,0.44,0.56,0.44,0.56,0.46,0.54
MS2_syn,13,0.4897959183673469,0.44,0.56,0.44,0.56,0.46,0.54
SMM_syn,13,0.4897959183673469,0.45,0.55,0.45,0.55,0.46,0.54
HDy_syn,13,0.4897959183673469,0.49,0.51,0.49,0.51,0.46,0.54
DyS_cdt,13,0.4897959183673469,0.46,0.54,0.46,0.54,0.46,0.54
ACC_cdt,13,0.4897959183673469,0.46,0.54,0.46,0.54,0.46,0.54
PACC_cdt,13,0.4897959183673469,0.46,0.54,0.46,0.54,0.46,0.54
X_cdt,13,0.4897959183673469,0.46,0.54,0.46,0.54,0.46,0.54
MAX_cdt,13,0.4897959183673469,0.46,0.54,0.46,0.54,0.46,0.54
T50_cdt,13,0.4897959183673469,0.54,0.46,0.54,0.46,0.46,0.54
MS_cdt,13,0.4897959183673469,0.46,0.54,0.46,0.54,0.46,0.54
MS2_cdt,13,0.4897959183673469,0.46,0.54,0.46,0.54,0.46,0.54
SMM_cdt,13,0.4897959183673469,0.46,0.54,0.46,0.54,0.46,0.54
HDy_cdt,13,0.4897959183673469,0.46,0.54,0.46,0.54,0.46,0.54
CC2,13,0.4897959183673469,0.46,0.54,0.46,0.54,0.46,0.54
PWK,13,0.4897959183673469,0.46,0.54,0.46,0.54,0.46,0.54
HDx,13,0.4897959183673469,0.41,0.59,0.41,0.59,0.46,0.54
GAC,13,0.4897959183673469,0.46,0.54,0.46,0.54,0.46,0.54
GPAC,13,0.4897959183673469,0.46,0.54,0.46,0.54,0.46,0.54
FM,13,0.4897959183673469,0.46,0.54,0.46,0.54,0.46,0.54
EMQ,13,0.4897959183673469,0.46,0.54,0.46,0.54,0.46,0.54
KDEyHD,13,0.4897959183673469,0.46,0.54,0.46,0.54,0.46,0.54
KDEyCS,13,0.4897959183673469,0.45,0.55,0.45,0.55,0.46,0.54
KDEyML,13,0.4897959183673469,0.46,0.54,0.46,0.54,0.46,0.54
CC,14,0.5102040816326531,0.43,0.57,0.43,0.57,0.42,0.58
PCC,14,0.5102040816326531,0.43,0.57,0.43,0.57,0.42,0.58
ACC,14,0.5102040816326531,0.43,0.57,0.43,0.57,0.42,0.58
PACC,14,0.5102040816326531,0.42,0.58,0.42,0.58,0.42,0.58
T50,14,0.5102040816326531,0.53,0.47,0.53,0.47,0.42,0.58
MAX,14,0.5102040816326531,0.43,0.57,0.43,0.57,0.42,0.58
MS,14,0.5102040816326531,0.43,0.57,0.43,0.57,0.42,0.58
MS2,14,0.5102040816326531,0.43,0.57,0.43,0.57,0.42,0.58
X,14,0.5102040816326531,0.43,0.57,0.43,0.57,0.42,0.58
SMM,14,0.5102040816326531,0.42,0.58,0.42,0.58,0.42,0.58
DyS,14,0.5102040816326531,0.42,0.58,0.42,0.58,0.42,0.58
DySyn,14,0.5102040816326531,0.44,0.56,0.44,0.56,0.42,0.58
HDy,14,0.5102040816326531,0.42,0.58,0.42,0.58,0.42,0.58
ACC_syn,14,0.5102040816326531,0.43,0.57,0.43,0.57,0.42,0.58
PACC_syn,14,0.5102040816326531,0.43,0.57,0.43,0.57,0.42,0.58
X_syn,14,0.5102040816326531,0.28,0.72,0.28,0.72,0.42,0.58
MAX_syn,14,0.5102040816326531,0.28,0.72,0.28,0.72,0.42,0.58
T50_syn,14,0.5102040816326531,0.03,0.97,0.03,0.97,0.42,0.58
MS_syn,14,0.5102040816326531,0.4,0.6,0.4,0.6,0.42,0.58
MS2_syn,14,0.5102040816326531,0.4,0.6,0.4,0.6,0.42,0.58
SMM_syn,14,0.5102040816326531,0.41,0.59,0.41,0.59,0.42,0.58
HDy_syn,14,0.5102040816326531,0.42,0.58,0.42,0.58,0.42,0.58
DyS_cdt,14,0.5102040816326531,0.42,0.58,0.42,0.58,0.42,0.58
ACC_cdt,14,0.5102040816326531,0.43,0.57,0.43,0.57,0.42,0.58
PACC_cdt,14,0.5102040816326531,0.42,0.58,0.42,0.58,0.42,0.58
X_cdt,14,0.5102040816326531,0.43,0.57,0.43,0.57,0.42,0.58
MAX_cdt,14,0.5102040816326531,0.43,0.57,0.43,0.57,0.42,0.58
T50_cdt,14,0.5102040816326531,0.53,0.47,0.53,0.47,0.42,0.58
MS_cdt,14,0.5102040816326531,0.43,0.57,0.43,0.57,0.42,0.58
MS2_cdt,14,0.5102040816326531,0.43,0.57,0.43,0.57,0.42,0.58
SMM_cdt,14,0.5102040816326531,0.42,0.58,0.42,0.58,0.42,0.58
HDy_cdt,14,0.5102040816326531,0.42,0.58,0.42,0.58,0.42,0.58
CC2,14,0.5102040816326531,0.43,0.57,0.43,0.57,0.42,0.58
PWK,14,0.5102040816326531,0.43,0.57,0.43,0.57,0.42,0.58
HDx,14,0.5102040816326531,0.37,0.63,0.37,0.63,0.42,0.58
GAC,14,0.5102040816326531,0.43,0.57,0.43,0.57,0.42,0.58
GPAC,14,0.5102040816326531,0.42,0.58,0.42,0.58,0.42,0.58
FM,14,0.5102040816326531,0.43,0.57,0.43,0.57,0.42,0.58
EMQ,14,0.5102040816326531,0.42,0.58,0.42,0.58,0.42,0.58
KDEyHD,14,0.5102040816326531,0.42,0.58,0.42,0.58,0.42,0.58
KDEyCS,14,0.5102040816326531,0.42,0.58,0.42,0.58,0.42,0.58
KDEyML,14,0.5102040816326531,0.42,0.58,0.42,0.58,0.42,0.58
CC,15,0.5306122448979591,0.57,0.43,0.57,0.43,0.58,0.42
PCC,15,0.5306122448979591,0.56,0.44,0.56,0.44,0.58,0.42
ACC,15,0.5306122448979591,0.57,0.43,0.57,0.43,0.58,0.42
PACC,15,0.5306122448979591,0.57,0.43,0.57,0.43,0.58,0.42
T50,15,0.5306122448979591,0.67,0.33,0.67,0.33,0.58,0.42
MAX,15,0.5306122448979591,0.57,0.43,0.57,0.43,0.58,0.42
MS,15,0.5306122448979591,0.57,0.43,0.57,0.43,0.58,0.42
MS2,15,0.5306122448979591,0.57,0.43,0.57,0.43,0.58,0.42
X,15,0.5306122448979591,0.57,0.43,0.57,0.43,0.58,0.42
SMM,15,0.5306122448979591,0.57,0.43,0.57,0.43,0.58,0.42
DyS,15,0.5306122448979591,0.58,0.42,0.58,0.42,0.58,0.42
DySyn,15,0.5306122448979591,0.56,0.44,0.56,0.44,0.58,0.42
HDy,15,0.5306122448979591,0.58,0.42,0.58,0.42,0.58,0.42
ACC_syn,15,0.5306122448979591,0.56,0.44,0.56,0.44,0.58,0.42
PACC_syn,15,0.5306122448979591,0.56,0.44,0.56,0.44,0.58,0.42
X_syn,15,0.5306122448979591,0.38,0.62,0.38,0.62,0.58,0.42
MAX_syn,15,0.5306122448979591,0.38,0.62,0.38,0.62,0.58,0.42
T50_syn,15,0.5306122448979591,0.29,0.71,0.29,0.71,0.58,0.42
MS_syn,15,0.5306122448979591,0.54,0.46,0.54,0.46,0.58,0.42
MS2_syn,15,0.5306122448979591,0.54,0.46,0.54,0.46,0.58,0.42
SMM_syn,15,0.5306122448979591,0.58,0.42,0.58,0.42,0.58,0.42
HDy_syn,15,0.5306122448979591,0.54,0.46,0.54,0.46,0.58,0.42
DyS_cdt,15,0.5306122448979591,0.58,0.42,0.58,0.42,0.58,0.42
ACC_cdt,15,0.5306122448979591,0.57,0.43,0.57,0.43,0.58,0.42
PACC_cdt,15,0.5306122448979591,0.57,0.43,0.57,0.43,0.58,0.42
X_cdt,15,0.5306122448979591,0.57,0.43,0.57,0.43,0.58,0.42
MAX_cdt,15,0.5306122448979591,0.57,0.43,0.57,0.43,0.58,0.42
T50_cdt,15,0.5306122448979591,0.67,0.33,0.67,0.33,0.58,0.42
MS_cdt,15,0.5306122448979591,0.57,0.43,0.57,0.43,0.58,0.42
MS2_cdt,15,0.5306122448979591,0.57,0.43,0.57,0.43,0.58,0.42
SMM_cdt,15,0.5306122448979591,0.57,0.43,0.57,0.43,0.58,0.42
HDy_cdt,15,0.5306122448979591,0.58,0.42,0.58,0.42,0.58,0.42
CC2,15,0.5306122448979591,0.57,0.43,0.57,0.43,0.58,0.42
PWK,15,0.5306122448979591,0.56,0.44,0.56,0.44,0.58,0.42
HDx,15,0.5306122448979591,0.55,0.45,0.55,0.45,0.58,0.42
GAC,15,0.5306122448979591,0.57,0.43,0.57,0.43,0.58,0.42
GPAC,15,0.5306122448979591,0.57,0.43,0.57,0.43,0.58,0.42
FM,15,0.5306122448979591,0.57,0.43,0.57,0.43,0.58,0.42
EMQ,15,0.5306122448979591,0.58,0.42,0.58,0.42,0.58,0.42
KDEyHD,15,0.5306122448979591,0.57,0.43,0.57,0.43,0.58,0.42
KDEyCS,15,0.5306122448979591,0.58,0.42,0.58,0.42,0.58,0.42
KDEyML,15,0.5306122448979591,0.57,0.43,0.57,0.43,0.58,0.42
CC,16,0.5510204081632653,0.56,0.44,0.56,0.44,0.57,0.43
PCC,16,0.5510204081632653,0.56,0.44,0.56,0.44,0.57,0.43
ACC,16,0.5510204081632653,0.57,0.43,0.57,0.43,0.57,0.43
PACC,16,0.5510204081632653,0.57,0.43,0.57,0.43,0.57,0.43
T50,16,0.5510204081632653,0.67,0.33,0.67,0.33,0.57,0.43
MAX,16,0.5510204081632653,0.57,0.43,0.57,0.43,0.57,0.43
MS,16,0.5510204081632653,0.57,0.43,0.57,0.43,0.57,0.43
MS2,16,0.5510204081632653,0.57,0.43,0.57,0.43,0.57,0.43
X,16,0.5510204081632653,0.57,0.43,0.57,0.43,0.57,0.43
SMM,16,0.5510204081632653,0.57,0.43,0.57,0.43,0.57,0.43
DyS,16,0.5510204081632653,0.57,0.43,0.57,0.43,0.57,0.43
DySyn,16,0.5510204081632653,0.56,0.44,0.56,0.44,0.57,0.43
HDy,16,0.5510204081632653,0.57,0.43,0.57,0.43,0.57,0.43
ACC_syn,16,0.5510204081632653,0.56,0.44,0.56,0.44,0.57,0.43
PACC_syn,16,0.5510204081632653,0.56,0.44,0.56,0.44,0.57,0.43
X_syn,16,0.5510204081632653,0.37,0.63,0.37,0.63,0.57,0.43
MAX_syn,16,0.5510204081632653,0.37,0.63,0.37,0.63,0.57,0.43
T50_syn,16,0.5510204081632653,0.33,0.67,0.33,0.67,0.57,0.43
MS_syn,16,0.5510204081632653,0.54,0.46,0.54,0.46,0.57,0.43
MS2_syn,16,0.5510204081632653,0.54,0.46,0.54,0.46,0.57,0.43
SMM_syn,16,0.5510204081632653,0.58,0.42,0.58,0.42,0.57,0.43
HDy_syn,16,0.5510204081632653,0.58,0.42,0.58,0.42,0.57,0.43
DyS_cdt,16,0.5510204081632653,0.57,0.43,0.57,0.43,0.57,0.43
ACC_cdt,16,0.5510204081632653,0.57,0.43,0.57,0.43,0.57,0.43
PACC_cdt,16,0.5510204081632653,0.57,0.43,0.57,0.43,0.57,0.43
X_cdt,16,0.5510204081632653,0.57,0.43,0.57,0.43,0.57,0.43
MAX_cdt,16,0.5510204081632653,0.57,0.43,0.57,0.43,0.57,0.43
T50_cdt,16,0.5510204081632653,0.67,0.33,0.67,0.33,0.57,0.43
MS_cdt,16,0.5510204081632653,0.57,0.43,0.57,0.43,0.57,0.43
MS2_cdt,16,0.5510204081632653,0.57,0.43,0.57,0.43,0.57,0.43
SMM_cdt,16,0.5510204081632653,0.57,0.43,0.57,0.43,0.57,0.43
HDy_cdt,16,0.5510204081632653,0.57,0.43,0.57,0.43,0.57,0.43
CC2,16,0.5510204081632653,0.56,0.44,0.56,0.44,0.57,0.43
PWK,16,0.5510204081632653,0.56,0.44,0.56,0.44,0.57,0.43
HDx,16,0.5510204081632653,0.53,0.47,0.53,0.47,0.57,0.43
GAC,16,0.5510204081632653,0.57,0.43,0.57,0.43,0.57,0.43
GPAC,16,0.5510204081632653,0.57,0.43,0.57,0.43,0.57,0.43
FM,16,0.5510204081632653,0.57,0.43,0.57,0.43,0.57,0.43
EMQ,16,0.5510204081632653,0.57,0.43,0.57,0.43,0.57,0.43
KDEyHD,16,0.5510204081632653,0.57,0.43,0.57,0.43,0.57,0.43
KDEyCS,16,0.5510204081632653,0.57,0.43,0.57,0.43,0.57,0.43
KDEyML,16,0.5510204081632653,0.57,0.43,0.57,0.43,0.57,0.43
CC,17,0.5714285714285714,0.49,0.51,0.49,0.51,0.49,0.51
PCC,17,0.5714285714285714,0.48,0.52,0.48,0.52,0.49,0.51
ACC,17,0.5714285714285714,0.49,0.51,0.49,0.51,0.49,0.51
PACC,17,0.5714285714285714,0.48,0.52,0.48,0.52,0.49,0.51
T50,17,0.5714285714285714,0.58,0.42,0.58,0.42,0.49,0.51
MAX,17,0.5714285714285714,0.5,0.5,0.5,0.5,0.49,0.51
MS,17,0.5714285714285714,0.49,0.51,0.49,0.51,0.49,0.51
MS2,17,0.5714285714285714,0.49,0.51,0.49,0.51,0.49,0.51
X,17,0.5714285714285714,0.49,0.51,0.49,0.51,0.49,0.51
SMM,17,0.5714285714285714,0.48,0.52,0.48,0.52,0.49,0.51
DyS,17,0.5714285714285714,0.48,0.52,0.48,0.52,0.49,0.51
DySyn,17,0.5714285714285714,0.49,0.51,0.49,0.51,0.49,0.51
HDy,17,0.5714285714285714,0.48,0.52,0.48,0.52,0.49,0.51
ACC_syn,17,0.5714285714285714,0.48,0.52,0.48,0.52,0.49,0.51
PACC_syn,17,0.5714285714285714,0.48,0.52,0.48,0.52,0.49,0.51
X_syn,17,0.5714285714285714,0.31,0.69,0.31,0.69,0.49,0.51
MAX_syn,17,0.5714285714285714,0.31,0.69,0.31,0.69,0.49,0.51
T50_syn,17,0.5714285714285714,0.17,0.83,0.17,0.83,0.49,0.51
MS_syn,17,0.5714285714285714,0.46,0.54,0.46,0.54,0.49,0.51
MS2_syn,17,0.5714285714285714,0.46,0.54,0.46,0.54,0.49,0.51
SMM_syn,17,0.5714285714285714,0.48,0.52,0.48,0.52,0.49,0.51
HDy_syn,17,0.5714285714285714,0.51,0.49,0.51,0.49,0.49,0.51
DyS_cdt,17,0.5714285714285714,0.48,0.52,0.48,0.52,0.49,0.51
ACC_cdt,17,0.5714285714285714,0.49,0.51,0.49,0.51,0.49,0.51
PACC_cdt,17,0.5714285714285714,0.48,0.52,0.48,0.52,0.49,0.51
X_cdt,17,0.5714285714285714,0.49,0.51,0.49,0.51,0.49,0.51
MAX_cdt,17,0.5714285714285714,0.5,0.5,0.5,0.5,0.49,0.51
T50_cdt,17,0.5714285714285714,0.58,0.42,0.58,0.42,0.49,0.51
MS_cdt,17,0.5714285714285714,0.49,0.51,0.49,0.51,0.49,0.51
MS2_cdt,17,0.5714285714285714,0.49,0.51,0.49,0.51,0.49,0.51
SMM_cdt,17,0.5714285714285714,0.48,0.52,0.48,0.52,0.49,0.51
HDy_cdt,17,0.5714285714285714,0.48,0.52,0.48,0.52,0.49,0.51
CC2,17,0.5714285714285714,0.49,0.51,0.49,0.51,0.49,0.51
PWK,17,0.5714285714285714,0.49,0.51,0.49,0.51,0.49,0.51
HDx,17,0.5714285714285714,0.44,0.56,0.44,0.56,0.49,0.51
GAC,17,0.5714285714285714,0.49,0.51,0.49,0.51,0.49,0.51
GPAC,17,0.5714285714285714,0.48,0.52,0.48,0.52,0.49,0.51
FM,17,0.5714285714285714,0.49,0.51,0.49,0.51,0.49,0.51
EMQ,17,0.5714285714285714,0.48,0.52,0.48,0.52,0.49,0.51
KDEyHD,17,0.5714285714285714,0.48,0.52,0.48,0.52,0.49,0.51
KDEyCS,17,0.5714285714285714,0.48,0.52,0.48,0.52,0.49,0.51
KDEyML,17,0.5714285714285714,0.49,0.51,0.49,0.51,0.49,0.51
CC,18,0.5918367346938775,0.53,0.47,0.53,0.47,0.53,0.47
PCC,18,0.5918367346938775,0.53,0.47,0.53,0.47,0.53,0.47
ACC,18,0.5918367346938775,0.54,0.46,0.54,0.46,0.53,0.47
PACC,18,0.5918367346938775,0.53,0.47,0.53,0.47,0.53,0.47
T50,18,0.5918367346938775,0.63,0.37,0.63,0.37,0.53,0.47
MAX,18,0.5918367346938775,0.54,0.46,0.54,0.46,0.53,0.47
MS,18,0.5918367346938775,0.54,0.46,0.54,0.46,0.53,0.47
MS2,18,0.5918367346938775,0.54,0.46,0.54,0.46,0.53,0.47
X,18,0.5918367346938775,0.54,0.46,0.54,0.46,0.53,0.47
SMM,18,0.5918367346938775,0.53,0.47,0.53,0.47,0.53,0.47
DyS,18,0.5918367346938775,0.54,0.46,0.54,0.46,0.53,0.47
DySyn,18,0.5918367346938775,0.54,0.46,0.54,0.46,0.53,0.47
HDy,18,0.5918367346938775,0.54,0.46,0.54,0.46,0.53,0.47
ACC_syn,18,0.5918367346938775,0.53,0.47,0.53,0.47,0.53,0.47
PACC_syn,18,0.5918367346938775,0.53,0.47,0.53,0.47,0.53,0.47
X_syn,18,0.5918367346938775,0.32,0.68,0.32,0.68,0.53,0.47
MAX_syn,18,0.5918367346938775,0.32,0.68,0.32,0.68,0.53,0.47
T50_syn,18,0.5918367346938775,0.19,0.81,0.19,0.81,0.53,0.47
MS_syn,18,0.5918367346938775,0.52,0.48,0.52,0.48,0.53,0.47
MS2_syn,18,0.5918367346938775,0.52,0.48,0.52,0.48,0.53,0.47
SMM_syn,18,0.5918367346938775,0.54,0.46,0.54,0.46,0.53,0.47
HDy_syn,18,0.5918367346938775,0.55,0.45,0.55,0.45,0.53,0.47
DyS_cdt,18,0.5918367346938775,0.54,0.46,0.54,0.46,0.53,0.47
ACC_cdt,18,0.5918367346938775,0.54,0.46,0.54,0.46,0.53,0.47
PACC_cdt,18,0.5918367346938775,0.53,0.47,0.53,0.47,0.53,0.47
X_cdt,18,0.5918367346938775,0.54,0.46,0.54,0.46,0.53,0.47
MAX_cdt,18,0.5918367346938775,0.54,0.46,0.54,0.46,0.53,0.47
T50_cdt,18,0.5918367346938775,0.63,0.37,0.63,0.37,0.53,0.47
MS_cdt,18,0.5918367346938775,0.54,0.46,0.54,0.46,0.53,0.47
MS2_cdt,18,0.5918367346938775,0.54,0.46,0.54,0.46,0.53,0.47
SMM_cdt,18,0.5918367346938775,0.53,0.47,0.53,0.47,0.53,0.47
HDy_cdt,18,0.5918367346938775,0.54,0.46,0.54,0.46,0.53,0.47
CC2,18,0.5918367346938775,0.53,0.47,0.53,0.47,0.53,0.47
PWK,18,0.5918367346938775,0.54,0.46,0.54,0.46,0.53,0.47
HDx,18,0.5918367346938775,0.47,0.53,0.47,0.53,0.53,0.47
GAC,18,0.5918367346938775,0.54,0.46,0.54,0.46,0.53,0.47
GPAC,18,0.5918367346938775,0.53,0.47,0.53,0.47,0.53,0.47
FM,18,0.5918367346938775,0.54,0.46,0.54,0.46,0.53,0.47
EMQ,18,0.5918367346938775,0.54,0.46,0.54,0.46,0.53,0.47
KDEyHD,18,0.5918367346938775,0.54,0.46,0.54,0.46,0.53,0.47
KDEyCS,18,0.5918367346938775,0.54,0.46,0.54,0.46,0.53,0.47
KDEyML,18,0.5918367346938775,0.54,0.46,0.54,0.46,0.53,0.47
CC,19,0.6122448979591836,0.53,0.47,0.53,0.47,0.52,0.48
PCC,19,0.6122448979591836,0.53,0.47,0.53,0.47,0.52,0.48
ACC,19,0.6122448979591836,0.53,0.47,0.53,0.47,0.52,0.48
PACC,19,0.6122448979591836,0.53,0.47,0.53,0.47,0.52,0.48
T50,19,0.6122448979591836,0.62,0.38,0.62,0.38,0.52,0.48
MAX,19,0.6122448979591836,0.54,0.46,0.54,0.46,0.52,0.48
MS,19,0.6122448979591836,0.53,0.47,0.53,0.47,0.52,0.48
MS2,19,0.6122448979591836,0.53,0.47,0.53,0.47,0.52,0.48
X,19,0.6122448979591836,0.54,0.46,0.54,0.46,0.52,0.48
SMM,19,0.6122448979591836,0.53,0.47,0.53,0.47,0.52,0.48
DyS,19,0.6122448979591836,0.53,0.47,0.53,0.47,0.52,0.48
DySyn,19,0.6122448979591836,0.55,0.45,0.55,0.45,0.52,0.48
HDy,19,0.6122448979591836,0.53,0.47,0.53,0.47,0.52,0.48
ACC_syn,19,0.6122448979591836,0.53,0.47,0.53,0.47,0.52,0.48
PACC_syn,19,0.6122448979591836,0.53,0.47,0.53,0.47,0.52,0.48
X_syn,19,0.6122448979591836,0.32,0.68,0.32,0.68,0.52,0.48
MAX_syn,19,0.6122448979591836,0.32,0.68,0.32,0.68,0.52,0.48
T50_syn,19,0.6122448979591836,0.24,0.76,0.24,0.76,0.52,0.48
MS_syn,19,0.6122448979591836,0.51,0.49,0.51,0.49,0.52,0.48
MS2_syn,19,0.6122448979591836,0.51,0.49,0.51,0.49,0.52,0.48
SMM_syn,19,0.6122448979591836,0.53,0.47,0.53,0.47,0.52,0.48
HDy_syn,19,0.6122448979591836,0.56,0.44,0.56,0.44,0.52,0.48
DyS_cdt,19,0.6122448979591836,0.53,0.47,0.53,0.47,0.52,0.48
ACC_cdt,19,0.6122448979591836,0.53,0.47,0.53,0.47,0.52,0.48
PACC_cdt,19,0.6122448979591836,0.53,0.47,0.53,0.47,0.52,0.48
X_cdt,19,0.6122448979591836,0.54,0.46,0.54,0.46,0.52,0.48
MAX_cdt,19,0.6122448979591836,0.54,0.46,0.54,0.46,0.52,0.48
T50_cdt,19,0.6122448979591836,0.62,0.38,0.62,0.38,0.52,0.48
MS_cdt,19,0.6122448979591836,0.53,0.47,0.53,0.47,0.52,0.48
MS2_cdt,19,0.6122448979591836,0.53,0.47,0.53,0.47,0.52,0.48
SMM_cdt,19,0.6122448979591836,0.53,0.47,0.53,0.47,0.52,0.48
HDy_cdt,19,0.6122448979591836,0.53,0.47,0.53,0.47,0.52,0.48
CC2,19,0.6122448979591836,0.53,0.47,0.53,0.47,0.52,0.48
PWK,19,0.6122448979591836,0.54,0.46,0.54,0.46,0.52,0.48
HDx,19,0.6122448979591836,0.48,0.52,0.48,0.52,0.52,0.48
GAC,19,0.6122448979591836,0.53,0.47,0.53,0.47,0.52,0.48
GPAC,19,0.6122448979591836,0.53,0.47,0.53,0.47,0.52,0.48
FM,19,0.6122448979591836,0.54,0.46,0.54,0.46,0.52,0.48
EMQ,19,0.6122448979591836,0.53,0.47,0.53,0.47,0.52,0.48
KDEyHD,19,0.6122448979591836,0.53,0.47,0.53,0.47,0.52,0.48
KDEyCS,19,0.6122448979591836,0.53,0.47,0.53,0.47,0.52,0.48
KDEyML,19,0.6122448979591836,0.54,0.46,0.54,0.46,0.52,0.48
CC,20,0.6326530612244897,0.53,0.47,0.53,0.47,0.53,0.47
PCC,20,0.6326530612244897,0.52,0.48,0.52,0.48,0.53,0.47
ACC,20,0.6326530612244897,0.53,0.47,0.53,0.47,0.53,0.47
PACC,20,0.6326530612244897,0.53,0.47,0.53,0.47,0.53,0.47
T50,20,0.6326530612244897,0.62,0.38,0.62,0.38,0.53,0.47
MAX,20,0.6326530612244897,0.54,0.46,0.54,0.46,0.53,0.47
MS,20,0.6326530612244897,0.53,0.47,0.53,0.47,0.53,0.47
MS2,20,0.6326530612244897,0.53,0.47,0.53,0.47,0.53,0.47
X,20,0.6326530612244897,0.53,0.47,0.53,0.47,0.53,0.47
SMM,20,0.6326530612244897,0.53,0.47,0.53,0.47,0.53,0.47
DyS,20,0.6326530612244897,0.53,0.47,0.53,0.47,0.53,0.47
DySyn,20,0.6326530612244897,0.53,0.47,0.53,0.47,0.53,0.47
HDy,20,0.6326530612244897,0.53,0.47,0.53,0.47,0.53,0.47
ACC_syn,20,0.6326530612244897,0.53,0.47,0.53,0.47,0.53,0.47
PACC_syn,20,0.6326530612244897,0.52,0.48,0.52,0.48,0.53,0.47
X_syn,20,0.6326530612244897,0.33,0.67,0.33,0.67,0.53,0.47
MAX_syn,20,0.6326530612244897,0.33,0.67,0.33,0.67,0.53,0.47
T50_syn,20,0.6326530612244897,0.24,0.76,0.24,0.76,0.53,0.47
MS_syn,20,0.6326530612244897,0.5,0.5,0.5,0.5,0.53,0.47
MS2_syn,20,0.6326530612244897,0.5,0.5,0.5,0.5,0.53,0.47
SMM_syn,20,0.6326530612244897,0.53,0.47,0.53,0.47,0.53,0.47
HDy_syn,20,0.6326530612244897,0.54,0.46,0.54,0.46,0.53,0.47
DyS_cdt,20,0.6326530612244897,0.53,0.47,0.53,0.47,0.53,0.47
ACC_cdt,20,0.6326530612244897,0.53,0.47,0.53,0.47,0.53,0.47
PACC_cdt,20,0.6326530612244897,0.53,0.47,0.53,0.47,0.53,0.47
X_cdt,20,0.6326530612244897,0.53,0.47,0.53,0.47,0.53,0.47
MAX_cdt,20,0.6326530612244897,0.54,0.46,0.54,0.46,0.53,0.47
T50_cdt,20,0.6326530612244897,0.62,0.38,0.62,0.38,0.53,0.47
MS_cdt,20,0.6326530612244897,0.53,0.47,0.53,0.47,0.53,0.47
MS2_cdt,20,0.6326530612244897,0.53,0.47,0.53,0.47,0.53,0.47
SMM_cdt,20,0.6326530612244897,0.53,0.47,0.53,0.47,0.53,0.47
HDy_cdt,20,0.6326530612244897,0.53,0.47,0.53,0.47,0.53,0.47
CC2,20,0.6326530612244897,0.53,0.47,0.53,0.47,0.53,0.47
PWK,20,0.6326530612244897,0.52,0.48,0.52,0.48,0.53,0.47
HDx,20,0.6326530612244897,0.46,0.54,0.46,0.54,0.53,0.47
GAC,20,0.6326530612244897,0.53,0.47,0.53,0.47,0.53,0.47
GPAC,20,0.6326530612244897,0.53,0.47,0.53,0.47,0.53,0.47
FM,20,0.6326530612244897,0.53,0.47,0.53,0.47,0.53,0.47
EMQ,20,0.6326530612244897,0.53,0.47,0.53,0.47,0.53,0.47
KDEyHD,20,0.6326530612244897,0.53,0.47,0.53,0.47,0.53,0.47
KDEyCS,20,0.6326530612244897,0.53,0.47,0.53,0.47,0.53,0.47
KDEyML,20,0.6326530612244897,0.53,0.47,0.53,0.47,0.53,0.47
CC,21,0.6530612244897959,0.53,0.47,0.53,0.47,0.53,0.47
PCC,21,0.6530612244897959,0.53,0.47,0.53,0.47,0.53,0.47
ACC,21,0.6530612244897959,0.53,0.47,0.53,0.47,0.53,0.47
PACC,21,0.6530612244897959,0.53,0.47,0.53,0.47,0.53,0.47
T50,21,0.6530612244897959,0.66,0.34,0.66,0.34,0.53,0.47
MAX,21,0.6530612244897959,0.54,0.46,0.54,0.46,0.53,0.47
MS,21,0.6530612244897959,0.53,0.47,0.53,0.47,0.53,0.47
MS2,21,0.6530612244897959,0.53,0.47,0.53,0.47,0.53,0.47
X,21,0.6530612244897959,0.54,0.46,0.54,0.46,0.53,0.47
SMM,21,0.6530612244897959,0.53,0.47,0.53,0.47,0.53,0.47
DyS,21,0.6530612244897959,0.54,0.46,0.54,0.46,0.53,0.47
DySyn,21,0.6530612244897959,0.53,0.47,0.53,0.47,0.53,0.47
HDy,21,0.6530612244897959,0.53,0.47,0.53,0.47,0.53,0.47
ACC_syn,21,0.6530612244897959,0.53,0.47,0.53,0.47,0.53,0.47
PACC_syn,21,0.6530612244897959,0.53,0.47,0.53,0.47,0.53,0.47
X_syn,21,0.6530612244897959,0.3,0.7,0.3,0.7,0.53,0.47
MAX_syn,21,0.6530612244897959,0.3,0.7,0.3,0.7,0.53,0.47
T50_syn,21,0.6530612244897959,0.32,0.68,0.32,0.68,0.53,0.47
MS_syn,21,0.6530612244897959,0.51,0.49,0.51,0.49,0.53,0.47
MS2_syn,21,0.6530612244897959,0.51,0.49,0.51,0.49,0.53,0.47
SMM_syn,21,0.6530612244897959,0.54,0.46,0.54,0.46,0.53,0.47
HDy_syn,21,0.6530612244897959,0.53,0.47,0.53,0.47,0.53,0.47
DyS_cdt,21,0.6530612244897959,0.54,0.46,0.54,0.46,0.53,0.47
ACC_cdt,21,0.6530612244897959,0.53,0.47,0.53,0.47,0.53,0.47
PACC_cdt,21,0.6530612244897959,0.53,0.47,0.53,0.47,0.53,0.47
X_cdt,21,0.6530612244897959,0.54,0.46,0.54,0.46,0.53,0.47
MAX_cdt,21,0.6530612244897959,0.54,0.46,0.54,0.46,0.53,0.47
T50_cdt,21,0.6530612244897959,0.66,0.34,0.66,0.34,0.53,0.47
MS_cdt,21,0.6530612244897959,0.53,0.47,0.53,0.47,0.53,0.47
MS2_cdt,21,0.6530612244897959,0.53,0.47,0.53,0.47,0.53,0.47
SMM_cdt,21,0.6530612244897959,0.53,0.47,0.53,0.47,0.53,0.47
HDy_cdt,21,0.6530612244897959,0.53,0.47,0.53,0.47,0.53,0.47
CC2,21,0.6530612244897959,0.53,0.47,0.53,0.47,0.53,0.47
PWK,21,0.6530612244897959,0.53,0.47,0.53,0.47,0.53,0.47
HDx,21,0.6530612244897959,0.48,0.52,0.48,0.52,0.53,0.47
GAC,21,0.6530612244897959,0.53,0.47,0.53,0.47,0.53,0.47
GPAC,21,0.6530612244897959,0.53,0.47,0.53,0.47,0.53,0.47
FM,21,0.6530612244897959,0.54,0.46,0.54,0.46,0.53,0.47
EMQ,21,0.6530612244897959,0.54,0.46,0.54,0.46,0.53,0.47
KDEyHD,21,0.6530612244897959,0.54,0.46,0.54,0.46,0.53,0.47
KDEyCS,21,0.6530612244897959,0.54,0.46,0.54,0.46,0.53,0.47
KDEyML,21,0.6530612244897959,0.54,0.46,0.54,0.46,0.53,0.47
CC,22,0.673469387755102,0.41,0.59,0.41,0.59,0.39,0.61
PCC,22,0.673469387755102,0.42,0.58,0.42,0.58,0.39,0.61
ACC,22,0.673469387755102,0.41,0.59,0.41,0.59,0.39,0.61
PACC,22,0.673469387755102,0.41,0.59,0.41,0.59,0.39,0.61
T50,22,0.673469387755102,0.55,0.45,0.55,0.45,0.39,0.61
MAX,22,0.673469387755102,0.41,0.59,0.41,0.59,0.39,0.61
MS,22,0.673469387755102,0.41,0.59,0.41,0.59,0.39,0.61
MS2,22,0.673469387755102,0.41,0.59,0.41,0.59,0.39,0.61
X,22,0.673469387755102,0.41,0.59,0.41,0.59,0.39,0.61
SMM,22,0.673469387755102,0.41,0.59,0.41,0.59,0.39,0.61
DyS,22,0.673469387755102,0.41,0.59,0.41,0.59,0.39,0.61
DySyn,22,0.673469387755102,0.4,0.6,0.4,0.6,0.39,0.61
HDy,22,0.673469387755102,0.4,0.6,0.4,0.6,0.39,0.61
ACC_syn,22,0.673469387755102,0.41,0.59,0.41,0.59,0.39,0.61
PACC_syn,22,0.673469387755102,0.42,0.58,0.42,0.58,0.39,0.61
X_syn,22,0.673469387755102,0.24,0.76,0.24,0.76,0.39,0.61
MAX_syn,22,0.673469387755102,0.24,0.76,0.24,0.76,0.39,0.61
T50_syn,22,0.673469387755102,0.1,0.9,0.1,0.9,0.39,0.61
MS_syn,22,0.673469387755102,0.39,0.61,0.39,0.61,0.39,0.61
MS2_syn,22,0.673469387755102,0.39,0.61,0.39,0.61,0.39,0.61
SMM_syn,22,0.673469387755102,0.4,0.6,0.4,0.6,0.39,0.61
HDy_syn,22,0.673469387755102,0.4,0.6,0.4,0.6,0.39,0.61
DyS_cdt,22,0.673469387755102,0.41,0.59,0.41,0.59,0.39,0.61
ACC_cdt,22,0.673469387755102,0.41,0.59,0.41,0.59,0.39,0.61
PACC_cdt,22,0.673469387755102,0.41,0.59,0.41,0.59,0.39,0.61
X_cdt,22,0.673469387755102,0.41,0.59,0.41,0.59,0.39,0.61
MAX_cdt,22,0.673469387755102,0.41,0.59,0.41,0.59,0.39,0.61
T50_cdt,22,0.673469387755102,0.55,0.45,0.55,0.45,0.39,0.61
MS_cdt,22,0.673469387755102,0.41,0.59,0.41,0.59,0.39,0.61
MS2_cdt,22,0.673469387755102,0.41,0.59,0.41,0.59,0.39,0.61
SMM_cdt,22,0.673469387755102,0.41,0.59,0.41,0.59,0.39,0.61
HDy_cdt,22,0.673469387755102,0.4,0.6,0.4,0.6,0.39,0.61
CC2,22,0.673469387755102,0.41,0.59,0.41,0.59,0.39,0.61
PWK,22,0.673469387755102,0.42,0.58,0.42,0.58,0.39,0.61
HDx,22,0.673469387755102,0.35,0.65,0.35,0.65,0.39,0.61
GAC,22,0.673469387755102,0.41,0.59,0.41,0.59,0.39,0.61
GPAC,22,0.673469387755102,0.41,0.59,0.41,0.59,0.39,0.61
FM,22,0.673469387755102,0.4,0.6,0.4,0.6,0.39,0.61
EMQ,22,0.673469387755102,0.4,0.6,0.4,0.6,0.39,0.61
KDEyHD,22,0.673469387755102,0.41,0.59,0.41,0.59,0.39,0.61
KDEyCS,22,0.673469387755102,0.41,0.59,0.41,0.59,0.39,0.61
KDEyML,22,0.673469387755102,0.41,0.59,0.41,0.59,0.39,0.61
CC,23,0.6938775510204082,0.45,0.55,0.45,0.55,0.44,0.56
PCC,23,0.6938775510204082,0.46,0.54,0.46,0.54,0.44,0.56
ACC,23,0.6938775510204082,0.45,0.55,0.45,0.55,0.44,0.56
PACC,23,0.6938775510204082,0.46,0.54,0.46,0.54,0.44,0.56
T50,23,0.6938775510204082,0.61,0.39,0.61,0.39,0.44,0.56
MAX,23,0.6938775510204082,0.46,0.54,0.46,0.54,0.44,0.56
MS,23,0.6938775510204082,0.45,0.55,0.45,0.55,0.44,0.56
MS2,23,0.6938775510204082,0.45,0.55,0.45,0.55,0.44,0.56
X,23,0.6938775510204082,0.45,0.55,0.45,0.55,0.44,0.56
SMM,23,0.6938775510204082,0.46,0.54,0.46,0.54,0.44,0.56
DyS,23,0.6938775510204082,0.45,0.55,0.45,0.55,0.44,0.56
DySyn,23,0.6938775510204082,0.47,0.53,0.47,0.53,0.44,0.56
HDy,23,0.6938775510204082,0.45,0.55,0.45,0.55,0.44,0.56
ACC_syn,23,0.6938775510204082,0.45,0.55,0.45,0.55,0.44,0.56
PACC_syn,23,0.6938775510204082,0.46,0.54,0.46,0.54,0.44,0.56
X_syn,23,0.6938775510204082,0.26,0.74,0.26,0.74,0.44,0.56
MAX_syn,23,0.6938775510204082,0.26,0.74,0.26,0.74,0.44,0.56
T50_syn,23,0.6938775510204082,0.15,0.85,0.15,0.85,0.44,0.56
MS_syn,23,0.6938775510204082,0.43,0.57,0.43,0.57,0.44,0.56
MS2_syn,23,0.6938775510204082,0.43,0.57,0.43,0.57,0.44,0.56
SMM_syn,23,0.6938775510204082,0.45,0.55,0.45,0.55,0.44,0.56
HDy_syn,23,0.6938775510204082,0.46,0.54,0.46,0.54,0.44,0.56
DyS_cdt,23,0.6938775510204082,0.45,0.55,0.45,0.55,0.44,0.56
ACC_cdt,23,0.6938775510204082,0.45,0.55,0.45,0.55,0.44,0.56
PACC_cdt,23,0.6938775510204082,0.46,0.54,0.46,0.54,0.44,0.56
X_cdt,23,0.6938775510204082,0.45,0.55,0.45,0.55,0.44,0.56
MAX_cdt,23,0.6938775510204082,0.46,0.54,0.46,0.54,0.44,0.56
T50_cdt,23,0.6938775510204082,0.61,0.39,0.61,0.39,0.44,0.56
MS_cdt,23,0.6938775510204082,0.45,0.55,0.45,0.55,0.44,0.56
MS2_cdt,23,0.6938775510204082,0.45,0.55,0.45,0.55,0.44,0.56
SMM_cdt,23,0.6938775510204082,0.46,0.54,0.46,0.54,0.44,0.56
HDy_cdt,23,0.6938775510204082,0.45,0.55,0.45,0.55,0.44,0.56
CC2,23,0.6938775510204082,0.45,0.55,0.45,0.55,0.44,0.56
PWK,23,0.6938775510204082,0.46,0.54,0.46,0.54,0.44,0.56
HDx,23,0.6938775510204082,0.38,0.62,0.38,0.62,0.44,0.56
GAC,23,0.6938775510204082,0.45,0.55,0.45,0.55,0.44,0.56
GPAC,23,0.6938775510204082,0.46,0.54,0.46,0.54,0.44,0.56
FM,23,0.6938775510204082,0.45,0.55,0.45,0.55,0.44,0.56
EMQ,23,0.6938775510204082,0.45,0.55,0.45,0.55,0.44,0.56
KDEyHD,23,0.6938775510204082,0.45,0.55,0.45,0.55,0.44,0.56
KDEyCS,23,0.6938775510204082,0.45,0.55,0.45,0.55,0.44,0.56
KDEyML,23,0.6938775510204082,0.45,0.55,0.45,0.55,0.44,0.56
CC,24,0.7142857142857142,0.59,0.41,0.59,0.41,0.6,0.4
PCC,24,0.7142857142857142,0.59,0.41,0.59,0.41,0.6,0.4
ACC,24,0.7142857142857142,0.59,0.41,0.59,0.41,0.6,0.4
PACC,24,0.7142857142857142,0.59,0.41,0.59,0.41,0.6,0.4
T50,24,0.7142857142857142,0.71,0.29,0.71,0.29,0.6,0.4
MAX,24,0.7142857142857142,0.59,0.41,0.59,0.41,0.6,0.4
MS,24,0.7142857142857142,0.59,0.41,0.59,0.41,0.6,0.4
MS2,24,0.7142857142857142,0.59,0.41,0.59,0.41,0.6,0.4
X,24,0.7142857142857142,0.59,0.41,0.59,0.41,0.6,0.4
SMM,24,0.7142857142857142,0.59,0.41,0.59,0.41,0.6,0.4
DyS,24,0.7142857142857142,0.6,0.4,0.6,0.4,0.6,0.4
DySyn,24,0.7142857142857142,0.58,0.42,0.58,0.42,0.6,0.4
HDy,24,0.7142857142857142,0.6,0.4,0.6,0.4,0.6,0.4
ACC_syn,24,0.7142857142857142,0.59,0.41,0.59,0.41,0.6,0.4
PACC_syn,24,0.7142857142857142,0.59,0.41,0.59,0.41,0.6,0.4
X_syn,24,0.7142857142857142,0.35,0.65,0.35,0.65,0.6,0.4
MAX_syn,24,0.7142857142857142,0.35,0.65,0.35,0.65,0.6,0.4
T50_syn,24,0.7142857142857142,0.38,0.62,0.38,0.62,0.6,0.4
MS_syn,24,0.7142857142857142,0.56,0.44,0.56,0.44,0.6,0.4
MS2_syn,24,0.7142857142857142,0.57,0.43,0.57,0.43,0.6,0.4
SMM_syn,24,0.7142857142857142,0.61,0.39,0.61,0.39,0.6,0.4
HDy_syn,24,0.7142857142857142,0.57,0.43,0.57,0.43,0.6,0.4
DyS_cdt,24,0.7142857142857142,0.6,0.4,0.6,0.4,0.6,0.4
ACC_cdt,24,0.7142857142857142,0.59,0.41,0.59,0.41,0.6,0.4
PACC_cdt,24,0.7142857142857142,0.59,0.41,0.59,0.41,0.6,0.4
X_cdt,24,0.7142857142857142,0.59,0.41,0.59,0.41,0.6,0.4
MAX_cdt,24,0.7142857142857142,0.59,0.41,0.59,0.41,0.6,0.4
T50_cdt,24,0.7142857142857142,0.71,0.29,0.71,0.29,0.6,0.4
MS_cdt,24,0.7142857142857142,0.59,0.41,0.59,0.41,0.6,0.4
MS2_cdt,24,0.7142857142857142,0.59,0.41,0.59,0.41,0.6,0.4
SMM_cdt,24,0.7142857142857142,0.59,0.41,0.59,0.41,0.6,0.4
HDy_cdt,24,0.7142857142857142,0.6,0.4,0.6,0.4,0.6,0.4
CC2,24,0.7142857142857142,0.59,0.41,0.59,0.41,0.6,0.4
PWK,24,0.7142857142857142,0.59,0.41,0.59,0.41,0.6,0.4
HDx,24,0.7142857142857142,0.54,0.46,0.54,0.46,0.6,0.4
GAC,24,0.7142857142857142,0.59,0.41,0.59,0.41,0.6,0.4
GPAC,24,0.7142857142857142,0.59,0.41,0.59,0.41,0.6,0.4
FM,24,0.7142857142857142,0.59,0.41,0.59,0.41,0.6,0.4
EMQ,24,0.7142857142857142,0.6,0.4,0.6,0.4,0.6,0.4
KDEyHD,24,0.7142857142857142,0.6,0.4,0.6,0.4,0.6,0.4
KDEyCS,24,0.7142857142857142,0.61,0.39,0.61,0.39,0.6,0.4
KDEyML,24,0.7142857142857142,0.6,0.4,0.6,0.4,0.6,0.4
CC,25,0.7346938775510203,0.42,0.58,0.42,0.58,0.42,0.58
PCC,25,0.7346938775510203,0.43,0.57,0.43,0.57,0.42,0.58
ACC,25,0.7346938775510203,0.42,0.58,0.42,0.58,0.42,0.58
PACC,25,0.7346938775510203,0.43,0.57,0.43,0.57,0.42,0.58
T50,25,0.7346938775510203,0.6,0.4,0.6,0.4,0.42,0.58
MAX,25,0.7346938775510203,0.42,0.58,0.42,0.58,0.42,0.58
MS,25,0.7346938775510203,0.42,0.58,0.42,0.58,0.42,0.58
MS2,25,0.7346938775510203,0.42,0.58,0.42,0.58,0.42,0.58
X,25,0.7346938775510203,0.42,0.58,0.42,0.58,0.42,0.58
SMM,25,0.7346938775510203,0.43,0.57,0.43,0.57,0.42,0.58
DyS,25,0.7346938775510203,0.42,0.58,0.42,0.58,0.42,0.58
DySyn,25,0.7346938775510203,0.42,0.58,0.42,0.58,0.42,0.58
HDy,25,0.7346938775510203,0.42,0.58,0.42,0.58,0.42,0.58
ACC_syn,25,0.7346938775510203,0.42,0.58,0.42,0.58,0.42,0.58
PACC_syn,25,0.7346938775510203,0.43,0.57,0.43,0.57,0.42,0.58
X_syn,25,0.7346938775510203,0.24,0.76,0.24,0.76,0.42,0.58
MAX_syn,25,0.7346938775510203,0.24,0.76,0.24,0.76,0.42,0.58
T50_syn,25,0.7346938775510203,0.12,0.88,0.12,0.88,0.42,0.58
MS_syn,25,0.7346938775510203,0.4,0.6,0.4,0.6,0.42,0.58
MS2_syn,25,0.7346938775510203,0.4,0.6,0.4,0.6,0.42,0.58
SMM_syn,25,0.7346938775510203,0.42,0.58,0.42,0.58,0.42,0.58
HDy_syn,25,0.7346938775510203,0.42,0.58,0.42,0.58,0.42,0.58
DyS_cdt,25,0.7346938775510203,0.42,0.58,0.42,0.58,0.42,0.58
ACC_cdt,25,0.7346938775510203,0.42,0.58,0.42,0.58,0.42,0.58
PACC_cdt,25,0.7346938775510203,0.43,0.57,0.43,0.57,0.42,0.58
X_cdt,25,0.7346938775510203,0.42,0.58,0.42,0.58,0.42,0.58
MAX_cdt,25,0.7346938775510203,0.42,0.58,0.42,0.58,0.42,0.58
T50_cdt,25,0.7346938775510203,0.6,0.4,0.6,0.4,0.42,0.58
MS_cdt,25,0.7346938775510203,0.42,0.58,0.42,0.58,0.42,0.58
MS2_cdt,25,0.7346938775510203,0.42,0.58,0.42,0.58,0.42,0.58
SMM_cdt,25,0.7346938775510203,0.43,0.57,0.43,0.57,0.42,0.58
HDy_cdt,25,0.7346938775510203,0.42,0.58,0.42,0.58,0.42,0.58
CC2,25,0.7346938775510203,0.42,0.58,0.42,0.58,0.42,0.58
PWK,25,0.7346938775510203,0.42,0.58,0.42,0.58,0.42,0.58
HDx,25,0.7346938775510203,0.34,0.66,0.34,0.66,0.42,0.58
GAC,25,0.7346938775510203,0.42,0.58,0.42,0.58,0.42,0.58
GPAC,25,0.7346938775510203,0.43,0.57,0.43,0.57,0.42,0.58
FM,25,0.7346938775510203,0.42,0.58,0.42,0.58,0.42,0.58
EMQ,25,0.7346938775510203,0.42,0.58,0.42,0.58,0.42,0.58
KDEyHD,25,0.7346938775510203,0.42,0.58,0.42,0.58,0.42,0.58
KDEyCS,25,0.7346938775510203,0.42,0.58,0.42,0.58,0.42,0.58
KDEyML,25,0.7346938775510203,0.42,0.58,0.42,0.58,0.42,0.58
CC,26,0.7551020408163265,0.49,0.51,0.49,0.51,0.5,0.5
PCC,26,0.7551020408163265,0.5,0.5,0.5,0.5,0.5,0.5
ACC,26,0.7551020408163265,0.49,0.51,0.49,0.51,0.5,0.5
PACC,26,0.7551020408163265,0.5,0.5,0.5,0.5,0.5,0.5
T50,26,0.7551020408163265,0.65,0.35,0.65,0.35,0.5,0.5
MAX,26,0.7551020408163265,0.5,0.5,0.5,0.5,0.5,0.5
MS,26,0.7551020408163265,0.49,0.51,0.49,0.51,0.5,0.5
MS2,26,0.7551020408163265,0.49,0.51,0.49,0.51,0.5,0.5
X,26,0.7551020408163265,0.49,0.51,0.49,0.51,0.5,0.5
SMM,26,0.7551020408163265,0.5,0.5,0.5,0.5,0.5,0.5
DyS,26,0.7551020408163265,0.5,0.5,0.5,0.5,0.5,0.5
DySyn,26,0.7551020408163265,0.49,0.51,0.49,0.51,0.5,0.5
HDy,26,0.7551020408163265,0.5,0.5,0.5,0.5,0.5,0.5
ACC_syn,26,0.7551020408163265,0.49,0.51,0.49,0.51,0.5,0.5
PACC_syn,26,0.7551020408163265,0.5,0.5,0.5,0.5,0.5,0.5
X_syn,26,0.7551020408163265,0.31,0.69,0.31,0.69,0.5,0.5
MAX_syn,26,0.7551020408163265,0.31,0.69,0.31,0.69,0.5,0.5
T50_syn,26,0.7551020408163265,0.2,0.8,0.2,0.8,0.5,0.5
MS_syn,26,0.7551020408163265,0.47,0.53,0.47,0.53,0.5,0.5
MS2_syn,26,0.7551020408163265,0.47,0.53,0.47,0.53,0.5,0.5
SMM_syn,26,0.7551020408163265,0.49,0.51,0.49,0.51,0.5,0.5
HDy_syn,26,0.7551020408163265,0.49,0.51,0.49,0.51,0.5,0.5
DyS_cdt,26,0.7551020408163265,0.5,0.5,0.5,0.5,0.5,0.5
ACC_cdt,26,0.7551020408163265,0.49,0.51,0.49,0.51,0.5,0.5
PACC_cdt,26,0.7551020408163265,0.5,0.5,0.5,0.5,0.5,0.5
X_cdt,26,0.7551020408163265,0.49,0.51,0.49,0.51,0.5,0.5
MAX_cdt,26,0.7551020408163265,0.5,0.5,0.5,0.5,0.5,0.5
T50_cdt,26,0.7551020408163265,0.65,0.35,0.65,0.35,0.5,0.5
MS_cdt,26,0.7551020408163265,0.49,0.51,0.49,0.51,0.5,0.5
MS2_cdt,26,0.7551020408163265,0.49,0.51,0.49,0.51,0.5,0.5
SMM_cdt,26,0.7551020408163265,0.5,0.5,0.5,0.5,0.5,0.5
HDy_cdt,26,0.7551020408163265,0.5,0.5,0.5,0.5,0.5,0.5
CC2,26,0.7551020408163265,0.49,0.51,0.49,0.51,0.5,0.5
PWK,26,0.7551020408163265,0.49,0.51,0.49,0.51,0.5,0.5
HDx,26,0.7551020408163265,0.45,0.55,0.45,0.55,0.5,0.5
GAC,26,0.7551020408163265,0.49,0.51,0.49,0.51,0.5,0.5
GPAC,26,0.7551020408163265,0.5,0.5,0.5,0.5,0.5,0.5
FM,26,0.7551020408163265,0.49,0.51,0.49,0.51,0.5,0.5
EMQ,26,0.7551020408163265,0.5,0.5,0.5,0.5,0.5,0.5
KDEyHD,26,0.7551020408163265,0.5,0.5,0.5,0.5,0.5,0.5
KDEyCS,26,0.7551020408163265,0.5,0.5,0.5,0.5,0.5,0.5
KDEyML,26,0.7551020408163265,0.5,0.5,0.5,0.5,0.5,0.5
CC,27,0.7755102040816326,0.5,0.5,0.5,0.5,0.5,0.5
PCC,27,0.7755102040816326,0.5,0.5,0.5,0.5,0.5,0.5
ACC,27,0.7755102040816326,0.5,0.5,0.5,0.5,0.5,0.5
PACC,27,0.7755102040816326,0.5,0.5,0.5,0.5,0.5,0.5
T50,27,0.7755102040816326,0.66,0.34,0.66,0.34,0.5,0.5
MAX,27,0.7755102040816326,0.51,0.49,0.51,0.49,0.5,0.5
MS,27,0.7755102040816326,0.5,0.5,0.5,0.5,0.5,0.5
MS2,27,0.7755102040816326,0.5,0.5,0.5,0.5,0.5,0.5
X,27,0.7755102040816326,0.5,0.5,0.5,0.5,0.5,0.5
SMM,27,0.7755102040816326,0.5,0.5,0.5,0.5,0.5,0.5
DyS,27,0.7755102040816326,0.5,0.5,0.5,0.5,0.5,0.5
DySyn,27,0.7755102040816326,0.51,0.49,0.51,0.49,0.5,0.5
HDy,27,0.7755102040816326,0.5,0.5,0.5,0.5,0.5,0.5
ACC_syn,27,0.7755102040816326,0.5,0.5,0.5,0.5,0.5,0.5
PACC_syn,27,0.7755102040816326,0.5,0.5,0.5,0.5,0.5,0.5
X_syn,27,0.7755102040816326,0.29,0.71,0.29,0.71,0.5,0.5
MAX_syn,27,0.7755102040816326,0.29,0.71,0.29,0.71,0.5,0.5
T50_syn,27,0.7755102040816326,0.24,0.76,0.24,0.76,0.5,0.5
MS_syn,27,0.7755102040816326,0.48,0.52,0.48,0.52,0.5,0.5
MS2_syn,27,0.7755102040816326,0.48,0.52,0.48,0.52,0.5,0.5
SMM_syn,27,0.7755102040816326,0.5,0.5,0.5,0.5,0.5,0.5
HDy_syn,27,0.7755102040816326,0.5,0.5,0.5,0.5,0.5,0.5
DyS_cdt,27,0.7755102040816326,0.5,0.5,0.5,0.5,0.5,0.5
ACC_cdt,27,0.7755102040816326,0.5,0.5,0.5,0.5,0.5,0.5
PACC_cdt,27,0.7755102040816326,0.5,0.5,0.5,0.5,0.5,0.5
X_cdt,27,0.7755102040816326,0.5,0.5,0.5,0.5,0.5,0.5
MAX_cdt,27,0.7755102040816326,0.51,0.49,0.51,0.49,0.5,0.5
T50_cdt,27,0.7755102040816326,0.66,0.34,0.66,0.34,0.5,0.5
MS_cdt,27,0.7755102040816326,0.5,0.5,0.5,0.5,0.5,0.5
MS2_cdt,27,0.7755102040816326,0.5,0.5,0.5,0.5,0.5,0.5
SMM_cdt,27,0.7755102040816326,0.5,0.5,0.5,0.5,0.5,0.5
HDy_cdt,27,0.7755102040816326,0.5,0.5,0.5,0.5,0.5,0.5
CC2,27,0.7755102040816326,0.5,0.5,0.5,0.5,0.5,0.5
PWK,27,0.7755102040816326,0.5,0.5,0.5,0.5,0.5,0.5
HDx,27,0.7755102040816326,0.44,0.56,0.44,0.56,0.5,0.5
GAC,27,0.7755102040816326,0.5,0.5,0.5,0.5,0.5,0.5
GPAC,27,0.7755102040816326,0.5,0.5,0.5,0.5,0.5,0.5
FM,27,0.7755102040816326,0.5,0.5,0.5,0.5,0.5,0.5
EMQ,27,0.7755102040816326,0.5,0.5,0.5,0.5,0.5,0.5
KDEyHD,27,0.7755102040816326,0.5,0.5,0.5,0.5,0.5,0.5
KDEyCS,27,0.7755102040816326,0.5,0.5,0.5,0.5,0.5,0.5
KDEyML,27,0.7755102040816326,0.5,0.5,0.5,0.5,0.5,0.5
CC,28,0.7959183673469387,0.52,0.48,0.52,0.48,0.53,0.47
PCC,28,0.7959183673469387,0.52,0.48,0.52,0.48,0.53,0.47
ACC,28,0.7959183673469387,0.52,0.48,0.52,0.48,0.53,0.47
PACC,28,0.7959183673469387,0.52,0.48,0.52,0.48,0.53,0.47
T50,28,0.7959183673469387,0.71,0.29,0.71,0.29,0.53,0.47
MAX,28,0.7959183673469387,0.53,0.47,0.53,0.47,0.53,0.47
MS,28,0.7959183673469387,0.52,0.48,0.52,0.48,0.53,0.47
MS2,28,0.7959183673469387,0.52,0.48,0.52,0.48,0.53,0.47
X,28,0.7959183673469387,0.53,0.47,0.53,0.47,0.53,0.47
SMM,28,0.7959183673469387,0.52,0.48,0.52,0.48,0.53,0.47
DyS,28,0.7959183673469387,0.53,0.47,0.53,0.47,0.53,0.47
DySyn,28,0.7959183673469387,0.53,0.47,0.53,0.47,0.53,0.47
HDy,28,0.7959183673469387,0.54,0.46,0.54,0.46,0.53,0.47
ACC_syn,28,0.7959183673469387,0.52,0.48,0.52,0.48,0.53,0.47
PACC_syn,28,0.7959183673469387,0.52,0.48,0.52,0.48,0.53,0.47
X_syn,28,0.7959183673469387,0.29,0.71,0.29,0.71,0.53,0.47
MAX_syn,28,0.7959183673469387,0.29,0.71,0.29,0.71,0.53,0.47
T50_syn,28,0.7959183673469387,0.3,0.7,0.3,0.7,0.53,0.47
MS_syn,28,0.7959183673469387,0.5,0.5,0.5,0.5,0.53,0.47
MS2_syn,28,0.7959183673469387,0.5,0.5,0.5,0.5,0.53,0.47
SMM_syn,28,0.7959183673469387,0.53,0.47,0.53,0.47,0.53,0.47
HDy_syn,28,0.7959183673469387,0.5,0.5,0.5,0.5,0.53,0.47
DyS_cdt,28,0.7959183673469387,0.53,0.47,0.53,0.47,0.53,0.47
ACC_cdt,28,0.7959183673469387,0.52,0.48,0.52,0.48,0.53,0.47
PACC_cdt,28,0.7959183673469387,0.52,0.48,0.52,0.48,0.53,0.47
X_cdt,28,0.7959183673469387,0.53,0.47,0.53,0.47,0.53,0.47
MAX_cdt,28,0.7959183673469387,0.53,0.47,0.53,0.47,0.53,0.47
T50_cdt,28,0.7959183673469387,0.71,0.29,0.71,0.29,0.53,0.47
MS_cdt,28,0.7959183673469387,0.52,0.48,0.52,0.48,0.53,0.47
MS2_cdt,28,0.7959183673469387,0.52,0.48,0.52,0.48,0.53,0.47
SMM_cdt,28,0.7959183673469387,0.52,0.48,0.52,0.48,0.53,0.47
HDy_cdt,28,0.7959183673469387,0.54,0.46,0.54,0.46,0.53,0.47
CC2,28,0.7959183673469387,0.52,0.48,0.52,0.48,0.53,0.47
PWK,28,0.7959183673469387,0.52,0.48,0.52,0.48,0.53,0.47
HDx,28,0.7959183673469387,0.49,0.51,0.49,0.51,0.53,0.47
GAC,28,0.7959183673469387,0.52,0.48,0.52,0.48,0.53,0.47
GPAC,28,0.7959183673469387,0.52,0.48,0.52,0.48,0.53,0.47
FM,28,0.7959183673469387,0.53,0.47,0.53,0.47,0.53,0.47
EMQ,28,0.7959183673469387,0.53,0.47,0.53,0.47,0.53,0.47
KDEyHD,28,0.7959183673469387,0.53,0.47,0.53,0.47,0.53,0.47
KDEyCS,28,0.7959183673469387,0.53,0.47,0.53,0.47,0.53,0.47
KDEyML,28,0.7959183673469387,0.53,0.47,0.53,0.47,0.53,0.47
CC,29,0.8163265306122448,0.5,0.5,0.5,0.5,0.51,0.49
PCC,29,0.8163265306122448,0.5,0.5,0.5,0.5,0.51,0.49
ACC,29,0.8163265306122448,0.51,0.49,0.51,0.49,0.51,0.49
PACC,29,0.8163265306122448,0.5,0.5,0.5,0.5,0.51,0.49
T50,29,0.8163265306122448,0.68,0.32,0.68,0.32,0.51,0.49
MAX,29,0.8163265306122448,0.51,0.49,0.51,0.49,0.51,0.49
MS,29,0.8163265306122448,0.51,0.49,0.51,0.49,0.51,0.49
MS2,29,0.8163265306122448,0.51,0.49,0.51,0.49,0.51,0.49
X,29,0.8163265306122448,0.51,0.49,0.51,0.49,0.51,0.49
SMM,29,0.8163265306122448,0.5,0.5,0.5,0.5,0.51,0.49
DyS,29,0.8163265306122448,0.5,0.5,0.5,0.5,0.51,0.49
DySyn,29,0.8163265306122448,0.51,0.49,0.51,0.49,0.51,0.49
HDy,29,0.8163265306122448,0.51,0.49,0.51,0.49,0.51,0.49
ACC_syn,29,0.8163265306122448,0.5,0.5,0.5,0.5,0.51,0.49
PACC_syn,29,0.8163265306122448,0.5,0.5,0.5,0.5,0.51,0.49
X_syn,29,0.8163265306122448,0.28,0.72,0.28,0.72,0.51,0.49
MAX_syn,29,0.8163265306122448,0.28,0.72,0.28,0.72,0.51,0.49
T50_syn,29,0.8163265306122448,0.26,0.74,0.26,0.74,0.51,0.49
MS_syn,29,0.8163265306122448,0.48,0.52,0.48,0.52,0.51,0.49
MS2_syn,29,0.8163265306122448,0.48,0.52,0.48,0.52,0.51,0.49
SMM_syn,29,0.8163265306122448,0.51,0.49,0.51,0.49,0.51,0.49
HDy_syn,29,0.8163265306122448,0.49,0.51,0.49,0.51,0.51,0.49
DyS_cdt,29,0.8163265306122448,0.5,0.5,0.5,0.5,0.51,0.49
ACC_cdt,29,0.8163265306122448,0.51,0.49,0.51,0.49,0.51,0.49
PACC_cdt,29,0.8163265306122448,0.5,0.5,0.5,0.5,0.51,0.49
X_cdt,29,0.8163265306122448,0.51,0.49,0.51,0.49,0.51,0.49
MAX_cdt,29,0.8163265306122448,0.51,0.49,0.51,0.49,0.51,0.49
T50_cdt,29,0.8163265306122448,0.68,0.32,0.68,0.32,0.51,0.49
MS_cdt,29,0.8163265306122448,0.51,0.49,0.51,0.49,0.51,0.49
MS2_cdt,29,0.8163265306122448,0.51,0.49,0.51,0.49,0.51,0.49
SMM_cdt,29,0.8163265306122448,0.5,0.5,0.5,0.5,0.51,0.49
HDy_cdt,29,0.8163265306122448,0.51,0.49,0.51,0.49,0.51,0.49
CC2,29,0.8163265306122448,0.5,0.5,0.5,0.5,0.51,0.49
PWK,29,0.8163265306122448,0.51,0.49,0.51,0.49,0.51,0.49
HDx,29,0.8163265306122448,0.45,0.55,0.45,0.55,0.51,0.49
GAC,29,0.8163265306122448,0.51,0.49,0.51,0.49,0.51,0.49
GPAC,29,0.8163265306122448,0.5,0.5,0.5,0.5,0.51,0.49
FM,29,0.8163265306122448,0.51,0.49,0.51,0.49,0.51,0.49
EMQ,29,0.8163265306122448,0.51,0.49,0.51,0.49,0.51,0.49
KDEyHD,29,0.8163265306122448,0.5,0.5,0.5,0.5,0.51,0.49
KDEyCS,29,0.8163265306122448,0.5,0.5,0.5,0.5,0.51,0.49
KDEyML,29,0.8163265306122448,0.51,0.49,0.51,0.49,0.51,0.49
CC,30,0.836734693877551,0.45,0.55,0.45,0.55,0.44,0.56
PCC,30,0.836734693877551,0.44,0.56,0.44,0.56,0.44,0.56
ACC,30,0.836734693877551,0.44,0.56,0.44,0.56,0.44,0.56
PACC,30,0.836734693877551,0.44,0.56,0.44,0.56,0.44,0.56
T50,30,0.836734693877551,0.61,0.39,0.61,0.39,0.44,0.56
MAX,30,0.836734693877551,0.45,0.55,0.45,0.55,0.44,0.56
MS,30,0.836734693877551,0.44,0.56,0.44,0.56,0.44,0.56
MS2,30,0.836734693877551,0.44,0.56,0.44,0.56,0.44,0.56
X,30,0.836734693877551,0.45,0.55,0.45,0.55,0.44,0.56
SMM,30,0.836734693877551,0.44,0.56,0.44,0.56,0.44,0.56
DyS,30,0.836734693877551,0.43,0.57,0.43,0.57,0.44,0.56
DySyn,30,0.836734693877551,0.43,0.57,0.43,0.57,0.44,0.56
HDy,30,0.836734693877551,0.43,0.57,0.43,0.57,0.44,0.56
ACC_syn,30,0.836734693877551,0.45,0.55,0.45,0.55,0.44,0.56
PACC_syn,30,0.836734693877551,0.44,0.56,0.44,0.56,0.44,0.56
X_syn,30,0.836734693877551,0.23,0.77,0.23,0.77,0.44,0.56
MAX_syn,30,0.836734693877551,0.23,0.77,0.23,0.77,0.44,0.56
T50_syn,30,0.836734693877551,0.12,0.88,0.12,0.88,0.44,0.56
MS_syn,30,0.836734693877551,0.41,0.59,0.41,0.59,0.44,0.56
MS2_syn,30,0.836734693877551,0.41,0.59,0.41,0.59,0.44,0.56
SMM_syn,30,0.836734693877551,0.43,0.57,0.43,0.57,0.44,0.56
HDy_syn,30,0.836734693877551,0.46,0.54,0.46,0.54,0.44,0.56
DyS_cdt,30,0.836734693877551,0.43,0.57,0.43,0.57,0.44,0.56
ACC_cdt,30,0.836734693877551,0.44,0.56,0.44,0.56,0.44,0.56
PACC_cdt,30,0.836734693877551,0.44,0.56,0.44,0.56,0.44,0.56
X_cdt,30,0.836734693877551,0.45,0.55,0.45,0.55,0.44,0.56
MAX_cdt,30,0.836734693877551,0.45,0.55,0.45,0.55,0.44,0.56
T50_cdt,30,0.836734693877551,0.61,0.39,0.61,0.39,0.44,0.56
MS_cdt,30,0.836734693877551,0.44,0.56,0.44,0.56,0.44,0.56
MS2_cdt,30,0.836734693877551,0.44,0.56,0.44,0.56,0.44,0.56
SMM_cdt,30,0.836734693877551,0.44,0.56,0.44,0.56,0.44,0.56
HDy_cdt,30,0.836734693877551,0.43,0.57,0.43,0.57,0.44,0.56
CC2,30,0.836734693877551,0.45,0.55,0.45,0.55,0.44,0.56
PWK,30,0.836734693877551,0.45,0.55,0.45,0.55,0.44,0.56
HDx,30,0.836734693877551,0.41,0.59,0.41,0.59,0.44,0.56
GAC,30,0.836734693877551,0.44,0.56,0.44,0.56,0.44,0.56
GPAC,30,0.836734693877551,0.44,0.56,0.44,0.56,0.44,0.56
FM,30,0.836734693877551,0.45,0.55,0.45,0.55,0.44,0.56
EMQ,30,0.836734693877551,0.43,0.57,0.43,0.57,0.44,0.56
KDEyHD,30,0.836734693877551,0.43,0.57,0.43,0.57,0.44,0.56
KDEyCS,30,0.836734693877551,0.43,0.57,0.43,0.57,0.44,0.56
KDEyML,30,0.836734693877551,0.44,0.56,0.44,0.56,0.44,0.56
CC,31,0.8571428571428571,0.51,0.49,0.51,0.49,0.5,0.5
PCC,31,0.8571428571428571,0.5,0.5,0.5,0.5,0.5,0.5
ACC,31,0.8571428571428571,0.51,0.49,0.51,0.49,0.5,0.5
PACC,31,0.8571428571428571,0.5,0.5,0.5,0.5,0.5,0.5
T50,31,0.8571428571428571,0.67,0.33,0.67,0.33,0.5,0.5
MAX,31,0.8571428571428571,0.51,0.49,0.51,0.49,0.5,0.5
MS,31,0.8571428571428571,0.51,0.49,0.51,0.49,0.5,0.5
MS2,31,0.8571428571428571,0.51,0.49,0.51,0.49,0.5,0.5
X,31,0.8571428571428571,0.51,0.49,0.51,0.49,0.5,0.5
SMM,31,0.8571428571428571,0.5,0.5,0.5,0.5,0.5,0.5
DyS,31,0.8571428571428571,0.5,0.5,0.5,0.5,0.5,0.5
DySyn,31,0.8571428571428571,0.51,0.49,0.51,0.49,0.5,0.5
HDy,31,0.8571428571428571,0.5,0.5,0.5,0.5,0.5,0.5
ACC_syn,31,0.8571428571428571,0.51,0.49,0.51,0.49,0.5,0.5
PACC_syn,31,0.8571428571428571,0.5,0.5,0.5,0.5,0.5,0.5
X_syn,31,0.8571428571428571,0.26,0.74,0.26,0.74,0.5,0.5
MAX_syn,31,0.8571428571428571,0.26,0.74,0.26,0.74,0.5,0.5
T50_syn,31,0.8571428571428571,0.24,0.76,0.24,0.76,0.5,0.5
MS_syn,31,0.8571428571428571,0.47,0.53,0.47,0.53,0.5,0.5
MS2_syn,31,0.8571428571428571,0.48,0.52,0.48,0.52,0.5,0.5
SMM_syn,31,0.8571428571428571,0.5,0.5,0.5,0.5,0.5,0.5
HDy_syn,31,0.8571428571428571,0.51,0.49,0.51,0.49,0.5,0.5
DyS_cdt,31,0.8571428571428571,0.5,0.5,0.5,0.5,0.5,0.5
ACC_cdt,31,0.8571428571428571,0.51,0.49,0.51,0.49,0.5,0.5
PACC_cdt,31,0.8571428571428571,0.5,0.5,0.5,0.5,0.5,0.5
X_cdt,31,0.8571428571428571,0.51,0.49,0.51,0.49,0.5,0.5
MAX_cdt,31,0.8571428571428571,0.51,0.49,0.51,0.49,0.5,0.5
T50_cdt,31,0.8571428571428571,0.67,0.33,0.67,0.33,0.5,0.5
MS_cdt,31,0.8571428571428571,0.51,0.49,0.51,0.49,0.5,0.5
MS2_cdt,31,0.8571428571428571,0.51,0.49,0.51,0.49,0.5,0.5
SMM_cdt,31,0.8571428571428571,0.5,0.5,0.5,0.5,0.5,0.5
HDy_cdt,31,0.8571428571428571,0.5,0.5,0.5,0.5,0.5,0.5
CC2,31,0.8571428571428571,0.51,0.49,0.51,0.49,0.5,0.5
PWK,31,0.8571428571428571,0.5,0.5,0.5,0.5,0.5,0.5
HDx,31,0.8571428571428571,0.44,0.56,0.44,0.56,0.5,0.5
GAC,31,0.8571428571428571,0.51,0.49,0.51,0.49,0.5,0.5
GPAC,31,0.8571428571428571,0.5,0.5,0.5,0.5,0.5,0.5
FM,31,0.8571428571428571,0.51,0.49,0.51,0.49,0.5,0.5
EMQ,31,0.8571428571428571,0.5,0.5,0.5,0.5,0.5,0.5
KDEyHD,31,0.8571428571428571,0.5,0.5,0.5,0.5,0.5,0.5
KDEyCS,31,0.8571428571428571,0.5,0.5,0.5,0.5,0.5,0.5
KDEyML,31,0.8571428571428571,0.51,0.49,0.51,0.49,0.5,0.5
CC,32,0.8775510204081632,0.48,0.52,0.48,0.52,0.48,0.52
PCC,32,0.8775510204081632,0.48,0.52,0.48,0.52,0.48,0.52
ACC,32,0.8775510204081632,0.48,0.52,0.48,0.52,0.48,0.52
PACC,32,0.8775510204081632,0.48,0.52,0.48,0.52,0.48,0.52
T50,32,0.8775510204081632,0.66,0.34,0.66,0.34,0.48,0.52
MAX,32,0.8775510204081632,0.49,0.51,0.49,0.51,0.48,0.52
MS,32,0.8775510204081632,0.48,0.52,0.48,0.52,0.48,0.52
MS2,32,0.8775510204081632,0.48,0.52,0.48,0.52,0.48,0.52
X,32,0.8775510204081632,0.48,0.52,0.48,0.52,0.48,0.52
SMM,32,0.8775510204081632,0.48,0.52,0.48,0.52,0.48,0.52
DyS,32,0.8775510204081632,0.48,0.52,0.48,0.52,0.48,0.52
DySyn,32,0.8775510204081632,0.49,0.51,0.49,0.51,0.48,0.52
HDy,32,0.8775510204081632,0.48,0.52,0.48,0.52,0.48,0.52
ACC_syn,32,0.8775510204081632,0.48,0.52,0.48,0.52,0.48,0.52
PACC_syn,32,0.8775510204081632,0.48,0.52,0.48,0.52,0.48,0.52
X_syn,32,0.8775510204081632,0.24,0.76,0.24,0.76,0.48,0.52
MAX_syn,32,0.8775510204081632,0.24,0.76,0.24,0.76,0.48,0.52
T50_syn,32,0.8775510204081632,0.28,0.72,0.28,0.72,0.48,0.52
MS_syn,32,0.8775510204081632,0.46,0.54,0.46,0.54,0.48,0.52
MS2_syn,32,0.8775510204081632,0.46,0.54,0.46,0.54,0.48,0.52
SMM_syn,32,0.8775510204081632,0.48,0.52,0.48,0.52,0.48,0.52
HDy_syn,32,0.8775510204081632,0.46,0.54,0.46,0.54,0.48,0.52
DyS_cdt,32,0.8775510204081632,0.48,0.52,0.48,0.52,0.48,0.52
ACC_cdt,32,0.8775510204081632,0.48,0.52,0.48,0.52,0.48,0.52
PACC_cdt,32,0.8775510204081632,0.48,0.52,0.48,0.52,0.48,0.52
X_cdt,32,0.8775510204081632,0.48,0.52,0.48,0.52,0.48,0.52
MAX_cdt,32,0.8775510204081632,0.49,0.51,0.49,0.51,0.48,0.52
T50_cdt,32,0.8775510204081632,0.66,0.34,0.66,0.34,0.48,0.52
MS_cdt,32,0.8775510204081632,0.48,0.52,0.48,0.52,0.48,0.52
MS2_cdt,32,0.8775510204081632,0.48,0.52,0.48,0.52,0.48,0.52
SMM_cdt,32,0.8775510204081632,0.48,0.52,0.48,0.52,0.48,0.52
HDy_cdt,32,0.8775510204081632,0.48,0.52,0.48,0.52,0.48,0.52
CC2,32,0.8775510204081632,0.48,0.52,0.48,0.52,0.48,0.52
PWK,32,0.8775510204081632,0.48,0.52,0.48,0.52,0.48,0.52
HDx,32,0.8775510204081632,0.43,0.57,0.43,0.57,0.48,0.52
GAC,32,0.8775510204081632,0.48,0.52,0.48,0.52,0.48,0.52
GPAC,32,0.8775510204081632,0.48,0.52,0.48,0.52,0.48,0.52
FM,32,0.8775510204081632,0.48,0.52,0.48,0.52,0.48,0.52
EMQ,32,0.8775510204081632,0.48,0.52,0.48,0.52,0.48,0.52
KDEyHD,32,0.8775510204081632,0.47,0.53,0.47,0.53,0.48,0.52
KDEyCS,32,0.8775510204081632,0.47,0.53,0.47,0.53,0.48,0.52
KDEyML,32,0.8775510204081632,0.48,0.52,0.48,0.52,0.48,0.52
CC,33,0.8979591836734693,0.53,0.47,0.53,0.47,0.55,0.45
PCC,33,0.8979591836734693,0.53,0.47,0.53,0.47,0.55,0.45
ACC,33,0.8979591836734693,0.53,0.47,0.53,0.47,0.55,0.45
PACC,33,0.8979591836734693,0.54,0.46,0.54,0.46,0.55,0.45
T50,33,0.8979591836734693,0.71,0.29,0.71,0.29,0.55,0.45
MAX,33,0.8979591836734693,0.55,0.45,0.55,0.45,0.55,0.45
MS,33,0.8979591836734693,0.53,0.47,0.53,0.47,0.55,0.45
MS2,33,0.8979591836734693,0.53,0.47,0.53,0.47,0.55,0.45
X,33,0.8979591836734693,0.54,0.46,0.54,0.46,0.55,0.45
SMM,33,0.8979591836734693,0.54,0.46,0.54,0.46,0.55,0.45
DyS,33,0.8979591836734693,0.54,0.46,0.54,0.46,0.55,0.45
DySyn,33,0.8979591836734693,0.54,0.46,0.54,0.46,0.55,0.45
HDy,33,0.8979591836734693,0.54,0.46,0.54,0.46,0.55,0.45
ACC_syn,33,0.8979591836734693,0.53,0.47,0.53,0.47,0.55,0.45
PACC_syn,33,0.8979591836734693,0.53,0.47,0.53,0.47,0.55,0.45
X_syn,33,0.8979591836734693,0.26,0.74,0.26,0.74,0.55,0.45
MAX_syn,33,0.8979591836734693,0.26,0.74,0.26,0.74,0.55,0.45
T50_syn,33,0.8979591836734693,0.31,0.69,0.31,0.69,0.55,0.45
MS_syn,33,0.8979591836734693,0.51,0.49,0.51,0.49,0.55,0.45
MS2_syn,33,0.8979591836734693,0.51,0.49,0.51,0.49,0.55,0.45
SMM_syn,33,0.8979591836734693,0.54,0.46,0.54,0.46,0.55,0.45
HDy_syn,33,0.8979591836734693,0.54,0.46,0.54,0.46,0.55,0.45
DyS_cdt,33,0.8979591836734693,0.54,0.46,0.54,0.46,0.55,0.45
ACC_cdt,33,0.8979591836734693,0.53,0.47,0.53,0.47,0.55,0.45
PACC_cdt,33,0.8979591836734693,0.54,0.46,0.54,0.46,0.55,0.45
X_cdt,33,0.8979591836734693,0.54,0.46,0.54,0.46,0.55,0.45
MAX_cdt,33,0.8979591836734693,0.55,0.45,0.55,0.45,0.55,0.45
T50_cdt,33,0.8979591836734693,0.71,0.29,0.71,0.29,0.55,0.45
MS_cdt,33,0.8979591836734693,0.53,0.47,0.53,0.47,0.55,0.45
MS2_cdt,33,0.8979591836734693,0.53,0.47,0.53,0.47,0.55,0.45
SMM_cdt,33,0.8979591836734693,0.54,0.46,0.54,0.46,0.55,0.45
HDy_cdt,33,0.8979591836734693,0.54,0.46,0.54,0.46,0.55,0.45
CC2,33,0.8979591836734693,0.53,0.47,0.53,0.47,0.55,0.45
PWK,33,0.8979591836734693,0.54,0.46,0.54,0.46,0.55,0.45
HDx,33,0.8979591836734693,0.51,0.49,0.51,0.49,0.55,0.45
GAC,33,0.8979591836734693,0.53,0.47,0.53,0.47,0.55,0.45
GPAC,33,0.8979591836734693,0.54,0.46,0.54,0.46,0.55,0.45
FM,33,0.8979591836734693,0.53,0.47,0.53,0.47,0.55,0.45
EMQ,33,0.8979591836734693,0.54,0.46,0.54,0.46,0.55,0.45
KDEyHD,33,0.8979591836734693,0.54,0.46,0.54,0.46,0.55,0.45
KDEyCS,33,0.8979591836734693,0.54,0.46,0.54,0.46,0.55,0.45
KDEyML,33,0.8979591836734693,0.54,0.46,0.54,0.46,0.55,0.45
CC,34,0.9183673469387754,0.53,0.47,0.53,0.47,0.51,0.49
PCC,34,0.9183673469387754,0.52,0.48,0.52,0.48,0.51,0.49
ACC,34,0.9183673469387754,0.53,0.47,0.53,0.47,0.51,0.49
PACC,34,0.9183673469387754,0.52,0.48,0.52,0.48,0.51,0.49
T50,34,0.9183673469387754,0.7,0.3,0.7,0.3,0.51,0.49
MAX,34,0.9183673469387754,0.54,0.46,0.54,0.46,0.51,0.49
MS,34,0.9183673469387754,0.53,0.47,0.53,0.47,0.51,0.49
MS2,34,0.9183673469387754,0.53,0.47,0.53,0.47,0.51,0.49
X,34,0.9183673469387754,0.53,0.47,0.53,0.47,0.51,0.49
SMM,34,0.9183673469387754,0.52,0.48,0.52,0.48,0.51,0.49
DyS,34,0.9183673469387754,0.52,0.48,0.52,0.48,0.51,0.49
DySyn,34,0.9183673469387754,0.53,0.47,0.53,0.47,0.51,0.49
HDy,34,0.9183673469387754,0.53,0.47,0.53,0.47,0.51,0.49
ACC_syn,34,0.9183673469387754,0.53,0.47,0.53,0.47,0.51,0.49
PACC_syn,34,0.9183673469387754,0.52,0.48,0.52,0.48,0.51,0.49
X_syn,34,0.9183673469387754,0.27,0.73,0.27,0.73,0.51,0.49
MAX_syn,34,0.9183673469387754,0.27,0.73,0.27,0.73,0.51,0.49
T50_syn,34,0.9183673469387754,0.28,0.72,0.28,0.72,0.51,0.49
MS_syn,34,0.9183673469387754,0.49,0.51,0.49,0.51,0.51,0.49
MS2_syn,34,0.9183673469387754,0.49,0.51,0.49,0.51,0.51,0.49
SMM_syn,34,0.9183673469387754,0.53,0.47,0.53,0.47,0.51,0.49
HDy_syn,34,0.9183673469387754,0.52,0.48,0.52,0.48,0.51,0.49
DyS_cdt,34,0.9183673469387754,0.52,0.48,0.52,0.48,0.51,0.49
ACC_cdt,34,0.9183673469387754,0.53,0.47,0.53,0.47,0.51,0.49
PACC_cdt,34,0.9183673469387754,0.52,0.48,0.52,0.48,0.51,0.49
X_cdt,34,0.9183673469387754,0.53,0.47,0.53,0.47,0.51,0.49
MAX_cdt,34,0.9183673469387754,0.54,0.46,0.54,0.46,0.51,0.49
T50_cdt,34,0.9183673469387754,0.7,0.3,0.7,0.3,0.51,0.49
MS_cdt,34,0.9183673469387754,0.53,0.47,0.53,0.47,0.51,0.49
MS2_cdt,34,0.9183673469387754,0.53,0.47,0.53,0.47,0.51,0.49
SMM_cdt,34,0.9183673469387754,0.52,0.48,0.52,0.48,0.51,0.49
HDy_cdt,34,0.9183673469387754,0.53,0.47,0.53,0.47,0.51,0.49
CC2,34,0.9183673469387754,0.53,0.47,0.53,0.47,0.51,0.49
PWK,34,0.9183673469387754,0.54,0.46,0.54,0.46,0.51,0.49
HDx,34,0.9183673469387754,0.46,0.54,0.46,0.54,0.51,0.49
GAC,34,0.9183673469387754,0.53,0.47,0.53,0.47,0.51,0.49
GPAC,34,0.9183673469387754,0.52,0.48,0.52,0.48,0.51,0.49
FM,34,0.9183673469387754,0.53,0.47,0.53,0.47,0.51,0.49
EMQ,34,0.9183673469387754,0.53,0.47,0.53,0.47,0.51,0.49
KDEyHD,34,0.9183673469387754,0.53,0.47,0.53,0.47,0.51,0.49
KDEyCS,34,0.9183673469387754,0.52,0.48,0.52,0.48,0.51,0.49
KDEyML,34,0.9183673469387754,0.53,0.47,0.53,0.47,0.51,0.49
CC,35,0.9387755102040816,0.48,0.52,0.48,0.52,0.47,0.53
PCC,35,0.9387755102040816,0.48,0.52,0.48,0.52,0.47,0.53
ACC,35,0.9387755102040816,0.48,0.52,0.48,0.52,0.47,0.53
PACC,35,0.9387755102040816,0.48,0.52,0.48,0.52,0.47,0.53
T50,35,0.9387755102040816,0.67,0.33,0.67,0.33,0.47,0.53
MAX,35,0.9387755102040816,0.48,0.52,0.48,0.52,0.47,0.53
MS,35,0.9387755102040816,0.48,0.52,0.48,0.52,0.47,0.53
MS2,35,0.9387755102040816,0.48,0.52,0.48,0.52,0.47,0.53
X,35,0.9387755102040816,0.48,0.52,0.48,0.52,0.47,0.53
SMM,35,0.9387755102040816,0.48,0.52,0.48,0.52,0.47,0.53
DyS,35,0.9387755102040816,0.47,0.53,0.47,0.53,0.47,0.53
DySyn,35,0.9387755102040816,0.48,0.52,0.48,0.52,0.47,0.53
HDy,35,0.9387755102040816,0.48,0.52,0.48,0.52,0.47,0.53
ACC_syn,35,0.9387755102040816,0.48,0.52,0.48,0.52,0.47,0.53
PACC_syn,35,0.9387755102040816,0.48,0.52,0.48,0.52,0.47,0.53
X_syn,35,0.9387755102040816,0.24,0.76,0.24,0.76,0.47,0.53
MAX_syn,35,0.9387755102040816,0.24,0.76,0.24,0.76,0.47,0.53
T50_syn,35,0.9387755102040816,0.22,0.78,0.22,0.78,0.47,0.53
MS_syn,35,0.9387755102040816,0.46,0.54,0.46,0.54,0.47,0.53
MS2_syn,35,0.9387755102040816,0.46,0.54,0.46,0.54,0.47,0.53
SMM_syn,35,0.9387755102040816,0.47,0.53,0.47,0.53,0.47,0.53
HDy_syn,35,0.9387755102040816,0.46,0.54,0.46,0.54,0.47,0.53
DyS_cdt,35,0.9387755102040816,0.47,0.53,0.47,0.53,0.47,0.53
ACC_cdt,35,0.9387755102040816,0.48,0.52,0.48,0.52,0.47,0.53
PACC_cdt,35,0.9387755102040816,0.48,0.52,0.48,0.52,0.47,0.53
X_cdt,35,0.9387755102040816,0.48,0.52,0.48,0.52,0.47,0.53
MAX_cdt,35,0.9387755102040816,0.48,0.52,0.48,0.52,0.47,0.53
T50_cdt,35,0.9387755102040816,0.67,0.33,0.67,0.33,0.47,0.53
MS_cdt,35,0.9387755102040816,0.48,0.52,0.48,0.52,0.47,0.53
MS2_cdt,35,0.9387755102040816,0.48,0.52,0.48,0.52,0.47,0.53
SMM_cdt,35,0.9387755102040816,0.48,0.52,0.48,0.52,0.47,0.53
HDy_cdt,35,0.9387755102040816,0.48,0.52,0.48,0.52,0.47,0.53
CC2,35,0.9387755102040816,0.48,0.52,0.48,0.52,0.47,0.53
PWK,35,0.9387755102040816,0.48,0.52,0.48,0.52,0.47,0.53
HDx,35,0.9387755102040816,0.42,0.58,0.42,0.58,0.47,0.53
GAC,35,0.9387755102040816,0.48,0.52,0.48,0.52,0.47,0.53
GPAC,35,0.9387755102040816,0.48,0.52,0.48,0.52,0.47,0.53
FM,35,0.9387755102040816,0.48,0.52,0.48,0.52,0.47,0.53
EMQ,35,0.9387755102040816,0.47,0.53,0.47,0.53,0.47,0.53
KDEyHD,35,0.9387755102040816,0.47,0.53,0.47,0.53,0.47,0.53
KDEyCS,35,0.9387755102040816,0.47,0.53,0.47,0.53,0.47,0.53
KDEyML,35,0.9387755102040816,0.48,0.52,0.48,0.52,0.47,0.53
CC,36,0.9591836734693876,0.48,0.52,0.48,0.52,0.47,0.53
PCC,36,0.9591836734693876,0.48,0.52,0.48,0.52,0.47,0.53
ACC,36,0.9591836734693876,0.48,0.52,0.48,0.52,0.47,0.53
PACC,36,0.9591836734693876,0.48,0.52,0.48,0.52,0.47,0.53
T50,36,0.9591836734693876,0.71,0.29,0.71,0.29,0.47,0.53
MAX,36,0.9591836734693876,0.5,0.5,0.5,0.5,0.47,0.53
MS,36,0.9591836734693876,0.48,0.52,0.48,0.52,0.47,0.53
MS2,36,0.9591836734693876,0.48,0.52,0.48,0.52,0.47,0.53
X,36,0.9591836734693876,0.48,0.52,0.48,0.52,0.47,0.53
SMM,36,0.9591836734693876,0.48,0.52,0.48,0.52,0.47,0.53
DyS,36,0.9591836734693876,0.47,0.53,0.47,0.53,0.47,0.53
DySyn,36,0.9591836734693876,0.46,0.54,0.46,0.54,0.47,0.53
HDy,36,0.9591836734693876,0.47,0.53,0.47,0.53,0.47,0.53
ACC_syn,36,0.9591836734693876,0.48,0.52,0.48,0.52,0.47,0.53
PACC_syn,36,0.9591836734693876,0.48,0.52,0.48,0.52,0.47,0.53
X_syn,36,0.9591836734693876,0.22,0.78,0.22,0.78,0.47,0.53
MAX_syn,36,0.9591836734693876,0.22,0.78,0.22,0.78,0.47,0.53
T50_syn,36,0.9591836734693876,0.26,0.74,0.26,0.74,0.47,0.53
MS_syn,36,0.9591836734693876,0.44,0.56,0.44,0.56,0.47,0.53
MS2_syn,36,0.9591836734693876,0.45,0.55,0.45,0.55,0.47,0.53
SMM_syn,36,0.9591836734693876,0.47,0.53,0.47,0.53,0.47,0.53
HDy_syn,36,0.9591836734693876,0.47,0.53,0.47,0.53,0.47,0.53
DyS_cdt,36,0.9591836734693876,0.47,0.53,0.47,0.53,0.47,0.53
ACC_cdt,36,0.9591836734693876,0.48,0.52,0.48,0.52,0.47,0.53
PACC_cdt,36,0.9591836734693876,0.48,0.52,0.48,0.52,0.47,0.53
X_cdt,36,0.9591836734693876,0.48,0.52,0.48,0.52,0.47,0.53
MAX_cdt,36,0.9591836734693876,0.5,0.5,0.5,0.5,0.47,0.53
T50_cdt,36,0.9591836734693876,0.71,0.29,0.71,0.29,0.47,0.53
MS_cdt,36,0.9591836734693876,0.48,0.52,0.48,0.52,0.47,0.53
MS2_cdt,36,0.9591836734693876,0.48,0.52,0.48,0.52,0.47,0.53
SMM_cdt,36,0.9591836734693876,0.48,0.52,0.48,0.52,0.47,0.53
HDy_cdt,36,0.9591836734693876,0.47,0.53,0.47,0.53,0.47,0.53
CC2,36,0.9591836734693876,0.48,0.52,0.48,0.52,0.47,0.53
PWK,36,0.9591836734693876,0.49,0.51,0.49,0.51,0.47,0.53
HDx,36,0.9591836734693876,0.47,0.53,0.47,0.53,0.47,0.53
GAC,36,0.9591836734693876,0.48,0.52,0.48,0.52,0.47,0.53
GPAC,36,0.9591836734693876,0.48,0.52,0.48,0.52,0.47,0.53
FM,36,0.9591836734693876,0.48,0.52,0.48,0.52,0.47,0.53
EMQ,36,0.9591836734693876,0.47,0.53,0.47,0.53,0.47,0.53
KDEyHD,36,0.9591836734693876,0.47,0.53,0.47,0.53,0.47,0.53
KDEyCS,36,0.9591836734693876,0.47,0.53,0.47,0.53,0.47,0.53
KDEyML,36,0.9591836734693876,0.48,0.52,0.48,0.52,0.47,0.53
CC,37,0.979591836734694,0.52,0.48,0.52,0.48,0.53,0.47
PCC,37,0.979591836734694,0.52,0.48,0.52,0.48,0.53,0.47
ACC,37,0.979591836734694,0.52,0.48,0.52,0.48,0.53,0.47
PACC,37,0.979591836734694,0.52,0.48,0.52,0.48,0.53,0.47
T50,37,0.979591836734694,0.72,0.28,0.72,0.28,0.53,0.47
MAX,37,0.979591836734694,0.53,0.47,0.53,0.47,0.53,0.47
MS,37,0.979591836734694,0.52,0.48,0.52,0.48,0.53,0.47
MS2,37,0.979591836734694,0.52,0.48,0.52,0.48,0.53,0.47
X,37,0.979591836734694,0.52,0.48,0.52,0.48,0.53,0.47
SMM,37,0.979591836734694,0.52,0.48,0.52,0.48,0.53,0.47
DyS,37,0.979591836734694,0.53,0.47,0.53,0.47,0.53,0.47
DySyn,37,0.979591836734694,0.51,0.49,0.51,0.49,0.53,0.47
HDy,37,0.979591836734694,0.53,0.47,0.53,0.47,0.53,0.47
ACC_syn,37,0.979591836734694,0.52,0.48,0.52,0.48,0.53,0.47
PACC_syn,37,0.979591836734694,0.52,0.48,0.52,0.48,0.53,0.47
X_syn,37,0.979591836734694,0.24,0.76,0.24,0.76,0.53,0.47
MAX_syn,37,0.979591836734694,0.24,0.76,0.24,0.76,0.53,0.47
T50_syn,37,0.979591836734694,0.32,0.68,0.32,0.68,0.53,0.47
MS_syn,37,0.979591836734694,0.49,0.51,0.49,0.51,0.53,0.47
MS2_syn,37,0.979591836734694,0.5,0.5,0.5,0.5,0.53,0.47
SMM_syn,37,0.979591836734694,0.52,0.48,0.52,0.48,0.53,0.47
HDy_syn,37,0.979591836734694,0.51,0.49,0.51,0.49,0.53,0.47
DyS_cdt,37,0.979591836734694,0.53,0.47,0.53,0.47,0.53,0.47
ACC_cdt,37,0.979591836734694,0.52,0.48,0.52,0.48,0.53,0.47
PACC_cdt,37,0.979591836734694,0.52,0.48,0.52,0.48,0.53,0.47
X_cdt,37,0.979591836734694,0.52,0.48,0.52,0.48,0.53,0.47
MAX_cdt,37,0.979591836734694,0.53,0.47,0.53,0.47,0.53,0.47
T50_cdt,37,0.979591836734694,0.72,0.28,0.72,0.28,0.53,0.47
MS_cdt,37,0.979591836734694,0.52,0.48,0.52,0.48,0.53,0.47
MS2_cdt,37,0.979591836734694,0.52,0.48,0.52,0.48,0.53,0.47
SMM_cdt,37,0.979591836734694,0.52,0.48,0.52,0.48,0.53,0.47
HDy_cdt,37,0.979591836734694,0.53,0.47,0.53,0.47,0.53,0.47
CC2,37,0.979591836734694,0.52,0.48,0.52,0.48,0.53,0.47
PWK,37,0.979591836734694,0.52,0.48,0.52,0.48,0.53,0.47
HDx,37,0.979591836734694,0.5,0.5,0.5,0.5,0.53,0.47
GAC,37,0.979591836734694,0.52,0.48,0.52,0.48,0.53,0.47
GPAC,37,0.979591836734694,0.52,0.48,0.52,0.48,0.53,0.47
FM,37,0.979591836734694,0.52,0.48,0.52,0.48,0.53,0.47
EMQ,37,0.979591836734694,0.53,0.47,0.53,0.47,0.53,0.47
KDEyHD,37,0.979591836734694,0.53,0.47,0.53,0.47,0.53,0.47
KDEyCS,37,0.979591836734694,0.53,0.47,0.53,0.47,0.53,0.47
KDEyML,37,0.979591836734694,0.53,0.47,0.53,0.47,0.53,0.47
CC,38,1.0,0.47,0.53,0.47,0.53,0.49,0.51
PCC,38,1.0,0.48,0.52,0.48,0.52,0.49,0.51
ACC,38,1.0,0.47,0.53,0.47,0.53,0.49,0.51
PACC,38,1.0,0.47,0.53,0.47,0.53,0.49,0.51
T50,38,1.0,0.7,0.3,0.7,0.3,0.49,0.51
MAX,38,1.0,0.48,0.52,0.48,0.52,0.49,0.51
MS,38,1.0,0.47,0.53,0.47,0.53,0.49,0.51
MS2,38,1.0,0.47,0.53,0.47,0.53,0.49,0.51
X,38,1.0,0.47,0.53,0.47,0.53,0.49,0.51
SMM,38,1.0,0.47,0.53,0.47,0.53,0.49,0.51
DyS,38,1.0,0.47,0.53,0.47,0.53,0.49,0.51
DySyn,38,1.0,0.47,0.53,0.47,0.53,0.49,0.51
HDy,38,1.0,0.47,0.53,0.47,0.53,0.49,0.51
ACC_syn,38,1.0,0.47,0.53,0.47,0.53,0.49,0.51
PACC_syn,38,1.0,0.48,0.52,0.48,0.52,0.49,0.51
X_syn,38,1.0,0.22,0.78,0.22,0.78,0.49,0.51
MAX_syn,38,1.0,0.22,0.78,0.22,0.78,0.49,0.51
T50_syn,38,1.0,0.24,0.76,0.24,0.76,0.49,0.51
MS_syn,38,1.0,0.44,0.56,0.44,0.56,0.49,0.51
MS2_syn,38,1.0,0.44,0.56,0.44,0.56,0.49,0.51
SMM_syn,38,1.0,0.47,0.53,0.47,0.53,0.49,0.51
HDy_syn,38,1.0,0.46,0.54,0.46,0.54,0.49,0.51
DyS_cdt,38,1.0,0.47,0.53,0.47,0.53,0.49,0.51
ACC_cdt,38,1.0,0.47,0.53,0.47,0.53,0.49,0.51
PACC_cdt,38,1.0,0.47,0.53,0.47,0.53,0.49,0.51
X_cdt,38,1.0,0.47,0.53,0.47,0.53,0.49,0.51
MAX_cdt,38,1.0,0.48,0.52,0.48,0.52,0.49,0.51
T50_cdt,38,1.0,0.7,0.3,0.7,0.3,0.49,0.51
MS_cdt,38,1.0,0.47,0.53,0.47,0.53,0.49,0.51
MS2_cdt,38,1.0,0.47,0.53,0.47,0.53,0.49,0.51
SMM_cdt,38,1.0,0.47,0.53,0.47,0.53,0.49,0.51
HDy_cdt,38,1.0,0.47,0.53,0.47,0.53,0.49,0.51
CC2,38,1.0,0.47,0.53,0.47,0.53,0.49,0.51
PWK,38,1.0,0.47,0.53,0.47,0.53,0.49,0.51
HDx,38,1.0,0.42,0.58,0.42,0.58,0.49,0.51
GAC,38,1.0,0.47,0.53,0.47,0.53,0.49,0.51
GPAC,38,1.0,0.47,0.53,0.47,0.53,0.49,0.51
FM,38,1.0,0.47,0.53,0.47,0.53,0.49,0.51
EMQ,38,1.0,0.47,0.53,0.47,0.53,0.49,0.51
KDEyHD,38,1.0,0.47,0.53,0.47,0.53,0.49,0.51
KDEyCS,38,1.0,0.47,0.53,0.47,0.53,0.49,0.51
KDEyML,38,1.0,0.48,0.52,0.48,0.52,0.49,0.51
