p_scores,n_scores,n,alpha,mf
"[0.90487857,0.79474571,0.99916417,0.97466094,0.92527355,0.90710282,
 0.96244889,0.95617246,0.89371758,0.96536521,0.9430045 ,0.89194827,
 0.95282173,0.95250228,0.96464153,0.85800684,0.96893542,0.97354025,
 0.79955965,0.79425484,0.84583624,0.90544368,0.97081294,0.99975256,
 0.96645007,0.99359509,0.96625395,0.85428271,0.90145387,0.95205801,
 0.980288  ,0.98494008,0.89681607,0.99670445,0.81299034,0.98208837,
 0.91120908,0.97647016,0.95107759,0.9467385 ,0.93993856,0.91027505,
 0.84426885,0.98567145,0.99646463,0.96476163,0.97693632,0.99886734,
 0.98118294,0.98196709,0.98423795,0.89563895,0.94634637,0.86180441,
 0.77233479,0.90960696,0.96339944,0.87741594,0.82591416,0.9266822 ,
 0.90728065,0.92765715,0.71708868,0.89057381,0.98405004,0.71336676,
 0.7193557 ,0.9869386 ,0.98215029,0.9317352 ,0.72664104,0.90671699,
 0.84918626,0.9904891 ,0.98682304,0.9884845 ,0.93225688,0.91782465,
 0.88878451,0.79856763,0.92758931,0.98116724,0.88595576,0.90178541,
 0.78735828,0.94002722,0.98028587,0.9926826 ,0.92612017,0.98508815,
 0.90059733,0.97465913,0.99155299,0.99146412,0.92376229,0.98531227,
 0.98366621,0.89714124,0.89834907,0.70665352,0.84260423,0.9997295 ,
 0.97298685,0.93317519,0.89941713,0.82488501,0.96669505,0.96466218,
 0.97439651,0.95091011,0.95923668,0.88953812,0.9922874 ,0.93878411,
 0.69101035,0.94888076,0.93531122,0.92888884,0.95187037,0.99570493,
 0.8524907 ,0.93064576,0.90187235,0.87848862,0.82087181,0.93695593,
 0.96708716,0.95232178,0.88802262,0.97821028,0.96570684,0.97960648,
 0.99429446,0.93837171,0.86517787,0.95475503,0.97996259,0.94685858,
 0.96348516,0.78615206,0.98603886,0.95482789,0.98210698,0.99926349,
 0.83011325,0.9759881 ,0.98244321,0.89923032,0.94275323,0.95918625,
 0.94092675,0.86257839,0.93904613,0.96005201,0.88542883,0.99842791,
 0.99822604,0.78726429,0.95476665,0.87326178,0.93421853,0.92100728,
 0.90187058,0.79845632,0.99166701,0.95704486,0.90196814,0.92844624,
 0.97527836,0.90009678,0.97453365,0.8681252 ,0.70821285,0.82792328,
 0.83601873,0.80114959,0.95972312,0.98819983,0.96309146,0.92680077,
 0.99595848,0.95769979,0.94746865,0.92644501,0.87951757,0.97553433,
 0.94911369,0.93665225,0.97963594,0.62118871,0.91967601,0.98695358,
 0.92271185,0.9911036 ,0.92622196,0.80412276,0.97195957,0.92500287,
 0.75665984,0.89540459,0.88493816,0.96986327,0.56970243,0.89903214,
 0.92370431,0.81228609,0.90735057,0.90727035,0.97033571,0.94566172,
 0.69303957,0.9529948 ,0.9640585 ,0.67256163,0.79257773,0.94688637,
 0.98903076,0.97441535,0.83393709,0.81451461,0.8811216 ,0.99356603,
 0.87364344,0.83701309,0.94655382,0.96316803,0.96389363,0.75019719,
 0.97759447,0.77364376,0.95463898,0.98246259,0.99181796,0.92723327,
 0.80709497,0.81110045,0.71791717,0.87331598,0.91935879,0.94728255,
 0.92140619,0.82671104,0.92549219,0.97401173,0.85106525,0.93222204,
 0.86328234,0.9487686 ,0.92389341,0.82324532,0.94827515,0.91048   ,
 0.91472113,0.97010434,0.91761497,0.93253348,0.93758996,0.93791488,
 0.87467278,0.99717039,0.98326205,0.99288886,0.99167057,0.90211011,
 0.77872274,0.94215384,0.80840443,0.9771182 ,0.83084757,0.9673033 ,
 0.95639221,0.89804609,0.82578756,0.82058358,0.80778547,0.96680633,
 0.96019734,0.96977238,0.93566482,0.9542543 ,0.97761906,0.88176075,
 0.86191214,0.99284952,0.97322979,0.90997746,0.77365723,0.91301742,
 0.90958136,0.96806874,0.99369772,0.94223991,0.72314904,0.73087793,
 0.9635566 ,0.99524169,0.98746197,0.82809779,0.81553429,0.97772832,
 0.9988311 ,0.91040232,0.9082488 ,0.64363271,0.98940068,0.91238456,
 0.79339335,0.96013881,0.96119802,0.96575167,0.90418842,0.7620036 ,
 0.97412938,0.905669  ,0.8433719 ,0.9018718 ,0.89150364,0.73700218,
 0.89268243,0.96955517,0.90794052,0.99054047,0.89463717,0.98403767,
 0.98647972,0.89108347,0.94811993,0.81724612,0.91931167,0.93773536,
 0.95995514,0.93106932,0.8581669 ,0.94739688,0.93549512,0.77562318,
 0.99140705,0.93396382,0.90448411,0.91295699,0.96878087,0.87246384,
 0.90764256,0.76001409,0.99311338,0.9482094 ,0.93746198,0.95520391,
 0.96041494,0.86091845,0.78393296,0.77244334,0.99338894,0.86744657,
 0.99223165,0.67324865,0.83666868,0.91153333,0.98310037,0.82904571,
 0.9902052 ,0.96779239,0.62696731,0.96819592,0.96760818,0.83441109,
 0.87626503,0.73402237,0.93120417,0.98198993,0.97516885,0.80163125,
 0.94911417,0.92772851,0.99342408,0.92097221,0.94690357,0.88955428,
 0.96203299,0.91450724,0.93331749,0.90524908,0.99470669,0.80821593,
 0.9847923 ,0.75610303,0.89642207,0.96260257,0.9625329 ,0.96857393,
 0.97126246,0.86256476,0.96713949,0.95051699,0.9314515 ,0.94662511,
 0.92752705,0.97048574,0.95106466,0.94365579,0.92914111,0.91689516,
 0.97295251,0.97327696,0.96877036,0.91301664,0.83593692,0.99231847,
 0.93982494,0.86319715,0.87225647,0.89247768,0.9641553 ,0.91504424,
 0.85717238,0.58057006,0.8982275 ,0.82454439,0.85877637,0.72879383,
 0.77724666,0.91937608,0.93929779,0.95581809,0.90067773,0.74588277,
 0.80198459,0.98328269,0.75058285,0.95381276,0.88308382,0.94514146,
 0.75985388,0.97278179,0.73832128,0.98064956,0.81800548,0.98911081,
 0.93254739,0.84965507,0.98050393,0.99345938,0.99848468,0.86280609,
 0.84988279,0.97549259,0.73155187,0.99654466,0.99458692,0.85647529,
 0.79857177,0.8872127 ,0.88815572,0.88807592,0.86187516,0.98503228,
 0.90064105,0.88902328,0.9209837 ,0.69727216,0.8780244 ,0.80508552,
 0.98861949,0.95344659,0.94320151,0.95618766,0.63788736,0.98533272,
 0.89620771,0.91767179,0.91336352,0.98012956,0.97708939,0.96963518,
 0.95181781,0.99785786,0.93675298,0.87426473,0.85280652,0.6509305 ,
 0.71805789,0.78331779,0.99944522,0.78548408,0.97069157,0.92758635,
 0.84544971,0.99302642,0.91338742,0.92845677,0.71495847,0.88274082,
 0.85092333,0.97956833,0.81058746,0.95620196,0.86267675,0.92271663,
 0.99186652,0.9972486 ]","[1.19346989e-01,8.15594643e-02,6.45862429e-02,9.87633158e-03,
 9.81494816e-02,1.08434011e-01,3.46740068e-01,1.06740512e-01,
 8.61345966e-03,1.98111568e-01,4.42576265e-02,1.51759212e-03,
 1.44550256e-01,1.53905761e-01,5.64049756e-02,2.19615853e-01,
 7.63431873e-02,2.49353432e-01,1.62872366e-01,2.93707023e-02,
 2.45243687e-01,2.82618390e-02,2.00128690e-01,1.21267903e-01,
 2.89966736e-02,2.86719467e-02,2.04480033e-01,3.06733255e-01,
 6.35926379e-02,1.17250621e-01,6.20052761e-02,8.30926249e-03,
 8.31126705e-02,1.44009953e-03,1.21352474e-01,8.22720229e-02,
 2.64687171e-02,2.49188121e-01,3.46175518e-02,2.23160784e-03,
 1.35127174e-01,2.37603722e-01,1.09313166e-02,6.45483755e-04,
 3.55305569e-02,1.68836669e-01,1.91465267e-02,8.80902061e-02,
 2.70789274e-01,7.15909158e-02,1.44908311e-01,9.07951233e-02,
 1.13338311e-01,7.49262833e-02,1.10008527e-01,8.59084662e-02,
 1.16489971e-03,7.50254522e-03,1.20178631e-01,2.89414998e-01,
 4.73979896e-02,3.39391505e-01,5.26907478e-02,2.51888195e-01,
 1.47578900e-02,1.01813607e-01,6.33354173e-02,1.67851497e-01,
 3.99063988e-02,6.58380254e-02,1.38519740e-02,9.05077970e-02,
 2.01027569e-02,1.52451304e-01,3.45833490e-02,1.05085731e-01,
 2.77224730e-01,3.59319170e-02,6.39292355e-02,9.41972458e-02,
 1.54283244e-02,6.89990708e-02,8.20410197e-03,7.01901339e-02,
 1.13589170e-01,2.53344933e-01,5.41262858e-02,6.57351227e-02,
 2.10389916e-01,3.62925389e-02,8.09238873e-02,2.60562093e-03,
 5.68294713e-02,3.11681075e-02,1.19816259e-01,1.42643801e-01,
 1.27227708e-02,1.29895180e-02,5.22957455e-02,1.99036945e-02,
 4.61938405e-02,5.46841009e-02,1.51449968e-01,3.00420569e-02,
 3.69498661e-02,8.38603017e-02,1.60737770e-01,1.73883707e-02,
 8.78705025e-03,2.38486219e-02,3.75876513e-02,1.42550508e-02,
 5.24706400e-02,2.93005171e-02,1.53105086e-01,2.12716280e-02,
 6.14380494e-02,1.70503547e-01,1.73558990e-02,3.36367591e-02,
 1.56563094e-02,1.36830705e-01,8.01840730e-02,4.71519451e-02,
 9.37073129e-03,8.50482558e-02,7.07930189e-02,2.28900117e-02,
 7.24082253e-02,4.30443983e-02,1.08999554e-01,5.28463269e-02,
 9.11063396e-02,3.85666118e-01,1.17038627e-03,4.26243861e-02,
 1.07910167e-01,5.50452356e-02,8.01792485e-02,4.68258546e-02,
 1.75547723e-01,1.32017459e-01,9.79735799e-02,1.00087737e-01,
 6.51220199e-02,4.45520656e-02,1.08727725e-01,9.37000659e-02,
 1.54356906e-01,4.52640330e-02,3.38554603e-01,2.77307370e-02,
 2.16511919e-02,1.67051312e-01,5.35577684e-03,8.09870829e-02,
 1.60597227e-02,5.53003169e-03,6.95981067e-02,1.39695761e-02,
 5.80101755e-03,2.86549279e-01,9.06171236e-03,3.01229162e-01,
 8.37953677e-03,8.90515081e-02,1.21302752e-02,1.97073953e-02,
 2.13551595e-02,2.85162396e-01,2.42247012e-02,1.13189402e-01,
 5.10489203e-02,2.24938284e-01,1.16597856e-02,1.27964622e-02,
 1.44683840e-01,1.36801029e-01,7.60939777e-03,1.91323309e-01,
 2.55264885e-02,2.02988924e-02,7.68862614e-03,1.26226029e-01,
 8.89400363e-02,1.14962946e-01,8.44621737e-02,5.98183081e-03,
 9.08718327e-02,7.45573031e-02,2.34104672e-01,8.58021156e-02,
 7.76455358e-03,8.56682081e-02,6.56405679e-02,6.05479326e-03,
 1.54174189e-01,9.21705403e-02,7.57975958e-02,3.30498740e-01,
 4.14678473e-02,2.78316195e-02,3.16828688e-01,6.27544711e-02,
 3.10588579e-02,1.36280853e-01,1.73753891e-02,7.22797914e-03,
 1.01377536e-01,1.35813955e-05,2.34445338e-02,1.38950421e-02,
 2.29464740e-02,8.98309152e-03,1.09516166e-01,1.99246449e-01,
 2.21807426e-01,1.81215088e-01,5.46903241e-03,8.93848137e-02,
 7.62578157e-02,2.27193462e-02,6.20186238e-02,5.94670865e-02,
 2.98848856e-02,8.19696516e-03,2.82118236e-01,6.39197474e-02,
 3.27715137e-02,4.18971803e-02,1.03016225e-01,2.02620764e-01,
 4.17994368e-03,7.67877911e-02,7.85758630e-02,2.56571745e-02,
 2.05868770e-02,1.11319919e-02,3.61831575e-02,2.09449440e-02,
 7.72470523e-02,2.56263204e-02,3.16553029e-02,4.16027380e-02,
 3.47139146e-02,3.19289619e-03,7.21696417e-02,9.82019240e-02,
 3.63109354e-02,1.65054296e-01,1.38181767e-01,8.21796568e-02,
 3.93048189e-03,6.51063266e-02,1.12322529e-01,4.60190958e-04,
 5.67077939e-02,6.54132214e-02,6.17163038e-02,3.79148003e-01,
 2.92127086e-02,9.84131953e-02,4.00679459e-02,1.87261997e-02,
 1.01350895e-02,5.12705152e-02,2.89782654e-03,2.26063550e-02,
 1.48024620e-01,7.86468330e-02,1.73931627e-01,4.78754756e-02,
 1.20754433e-01,4.07281825e-02,1.76753530e-01,1.80235696e-01,
 4.11226207e-01,5.30791980e-02,1.46201404e-02,2.62302274e-01,
 1.69214842e-02,1.18618598e-01,3.59692345e-02,3.84812327e-01,
 4.18804091e-01,9.85162233e-02,7.00733947e-02,9.83937629e-02,
 1.47791970e-01,1.93488162e-02,1.13222728e-01,1.42953801e-01,
 2.81564412e-01,7.81185803e-02,5.92685850e-02,8.93398783e-02,
 4.09272506e-02,2.18163195e-02,6.58450870e-02,1.09066466e-01,
 7.59568297e-03,7.57128889e-02,5.35288930e-02,1.43534300e-01,
 7.82729481e-04,3.63040526e-02,2.38457691e-01,9.87178136e-02,
 1.31738250e-01,4.56361158e-02,1.18166490e-01,6.75691537e-02,
 3.49730934e-02,4.99709294e-02,1.85607534e-02,1.83725877e-01,
 6.76641664e-02,4.16807751e-02,4.79434225e-02,9.52765481e-04,
 5.73506434e-02,1.24642184e-01,1.38718309e-02,2.28681286e-01,
 8.39994123e-02,1.59397685e-02,1.49818458e-01,1.09181361e-01,
 1.67074409e-02,1.65530348e-01,6.14699916e-02,6.75600258e-03,
 3.24987623e-01,1.60430101e-01,9.22469007e-02,1.84676358e-01,
 5.40134337e-02,1.71464305e-02,4.89924282e-02,1.25720599e-01,
 1.00231533e-01,8.59601940e-02,1.34260093e-01,7.56647937e-02,
 1.72258485e-01,3.70568930e-03,3.38638698e-02,1.25949684e-01,
 1.46629474e-02,1.42395782e-02,3.45379307e-01,9.63697826e-03,
 8.70101799e-02,2.71398602e-01,1.71172391e-01,1.01942914e-01,
 1.71632068e-01,2.38291754e-02,3.30599546e-01,7.52036230e-03,
 1.42754056e-01,3.76167653e-03,7.11287639e-02,1.38777368e-01,
 9.58633295e-02,3.18041565e-02,3.16453599e-02,6.72885718e-02,
 1.02781294e-01,5.13927383e-02,1.65511739e-02,8.55479632e-02,
 3.95191109e-02,6.24853232e-04,1.41819943e-03,4.01044856e-03,
 7.65243554e-03,1.67524555e-02,2.14488410e-02,1.37349846e-01,
 1.27603853e-01,4.85370869e-02,1.11407563e-01,4.11429411e-01,
 1.16630147e-01,1.57576529e-01,2.97915691e-01,2.80415305e-02,
 3.23336273e-01,3.42040325e-02,1.69647618e-02,4.17815990e-02,
 1.97620849e-03,9.87670463e-02,3.02805660e-02,1.64643344e-01,
 8.16698454e-02,2.07412010e-02,3.96507941e-03,2.03698272e-01,
 1.38843790e-01,1.65816544e-02,5.35462776e-02,2.92039486e-02,
 1.12880944e-01,4.38849828e-02,7.83189126e-03,2.26870851e-01,
 1.54933592e-01,1.23791914e-01,3.82879656e-02,1.46664296e-01,
 7.15243445e-02,2.00538384e-02,1.13192139e-01,3.58004752e-03,
 2.07085595e-02,3.37899827e-03,1.53422381e-02,2.51197616e-01,
 1.03841714e-01,1.11216527e-01,1.03934664e-01,1.10001389e-02,
 8.98087473e-02,3.88907373e-02,2.86382945e-02,7.74067462e-02,
 6.28746833e-03,4.14521870e-02,7.92651602e-02,7.98091281e-02,
 3.15061749e-02,2.73214002e-01,2.21720951e-02,7.49112699e-02,
 3.49170275e-02,6.16988868e-02,2.53238296e-03,1.44819257e-01,
 6.50259303e-02,7.64974998e-02,2.64757602e-03,2.56490990e-02,
 6.38489835e-02,8.07646815e-02,1.06939028e-01,2.74476744e-02,
 6.05736690e-03,3.32139367e-02,5.44978173e-02,1.26102337e-01,
 4.77598179e-02,2.53014225e-02,3.10064015e-02,3.44017202e-02,
 2.40618601e-01,8.62940662e-02,9.68034369e-02,1.38288732e-02,
 2.90788333e-01,7.65520153e-03,2.88492839e-02,8.19947790e-02,
 5.33962092e-02,2.12269322e-01,7.75222918e-02,7.82149464e-02,
 1.44988568e-01,5.79674313e-03,4.46644024e-02,1.46776663e-02,
 6.38053760e-03,1.55604870e-01,4.13017168e-01,2.29890057e-01,
 6.71604649e-02,2.97493052e-01,8.26298365e-02,2.08073727e-03,
 1.28759959e-01,4.30572724e-02,2.07470811e-01,5.04981872e-02,
 3.77789116e-02,2.60961796e-02,4.29734319e-02,3.09353308e-01,
 6.04154373e-02,2.06928493e-01,2.57351798e-01,3.85053495e-02,
 1.33076434e-02,1.07095033e-01,9.55701726e-02,6.75779769e-02,
 2.12218878e-03,3.07235531e-02,3.79110400e-02,3.53676338e-01]",1000,0.5,0.1
"[0.89215502,0.76799579,0.23921884,0.98573234,0.74538953,0.70282508,
 0.6453864 ,0.95758241,0.74535223,0.94011388,0.94233465,0.89590287,
 0.64508425,0.68693633,0.71090009,0.71745083,0.99342872,0.50795118,
 0.86460527,0.80126757,0.87437698,0.73440891,0.72768314,0.69995198,
 0.93438975,0.65654051,0.30998513,0.93592164,0.97790055,0.80559331,
 0.90658855,0.78391455,0.71745703,0.78378424,0.72517136,0.98108826,
 0.66781671,0.82098325,0.86282788,0.62110133,0.79868261,0.92335319,
 0.85721205,0.74394693,0.98727275,0.99264559,0.8174087 ,0.86999404,
 0.92348953,0.9618979 ,0.82644638,0.54648076,0.98352198,0.67778789,
 0.53853259,0.79844899,0.94003589,0.78016353,0.54776995,0.89893331,
 0.96576276,0.98487378,0.61968404,0.65331541,0.61559663,0.87859189,
 0.76818321,0.71749572,0.9246561 ,0.70481241,0.74315059,0.92132724,
 0.8426899 ,0.75796626,0.9707308 ,0.59492275,0.36831921,0.45954788,
 0.8230378 ,0.87537682,0.93349758,0.94313347,0.67720277,0.97670028,
 0.89384336,0.85417705,0.9327916 ,0.74081655,0.57218588,0.3390972 ,
 0.4257015 ,0.98314333,0.44939714,0.63397676,0.77002579,0.706762  ,
 0.71246346,0.54189431,0.62349535,0.81403383,0.81997888,0.79197092,
 0.60263384,0.85418814,0.96603956,0.62147657,0.9425879 ,0.59601183,
 0.61404197,0.83064598,0.86564152,0.91628977,0.63865864,0.74818017,
 0.78410493,0.99190422,0.56157556,0.86326008,0.5154727 ,0.88171079,
 0.46796152,0.83396809,0.73955364,0.73194311,0.22201244,0.65774259,
 0.39212604,0.98759933,0.92795191,0.65105466,0.86472709,0.81002324,
 0.07721701,0.99671525,0.92048064,0.92111838,0.77309016,0.96409399,
 0.82172425,0.65292407,0.75123538,0.66016774,0.72155783,0.84601416,
 0.95149978,0.61103567,0.8526942 ,0.19973789,0.71478803,0.92959279,
 0.94947761,0.58952378,0.78077125,0.42036818,0.98307918,0.52001627,
 0.97154711,0.82109253,0.91455435,0.92845437,0.57170616,0.89122557,
 0.93191939,0.97686167,0.88117779,0.92627256,0.75471039,0.82443749,
 0.95163955,0.91721963,0.90435457,0.3568344 ,0.85585776,0.70195865,
 0.83620088,0.68215812,0.78590518,0.83477861,0.86590785,0.95303397,
 0.91263033,0.57546867,0.62914753,0.85364116,0.76087186,0.64124197,
 0.62887158,0.78922016,0.93373124,0.74960862,0.58404323,0.80534257,
 0.58581977,0.23974085,0.96864179,0.88520865,0.99710836,0.82960673,
 0.78207599,0.89346866,0.74351537,0.84615729,0.71492878,0.58894391,
 0.69523025,0.95685778,0.67181304,0.90161489,0.96739473,0.99633383,
 0.87695256,0.87549711,0.94443282,0.48959892,0.69568276,0.92382411,
 0.85758523,0.74630009,0.78317799,0.73016112,0.78306802,0.76623658,
 0.6508699 ,0.67970307,0.87910434,0.85205606,0.6333637 ,0.73098705,
 0.94260322,0.86511018,0.87462573,0.97842812,0.92990165,0.73810367,
 0.93607481,0.72851064,0.99482345,0.7787919 ,0.89424941,0.77575   ,
 0.79102918,0.9151974 ,0.87448796,0.59850778,0.88356958,0.36296995,
 0.88111484,0.97247727,0.97656739,0.82595119,0.82773399,0.79864339,
 0.95610464,0.93082534,0.4876939 ,0.93094124,0.68047747,0.86177712,
 0.50198428,0.64733141,0.98951914,0.55827576,0.30850951,0.8810143 ,
 0.86667166,0.87627161,0.96898248,0.82600979,0.88671116,0.71962033,
 0.63487451,0.9984023 ,0.66024629,0.71182047,0.88880017,0.90283191,
 0.72021253,0.61141917,0.8927864 ,0.58823861,0.51835406,0.70092883,
 0.65519675,0.93255686,0.78676829,0.68747704,0.47051886,0.9183382 ,
 0.63755393,0.94974269,0.43322115,0.83024894,0.85793031,0.80804267,
 0.96603574,0.7188402 ,0.8904521 ,0.78507591,0.80126779,0.59985023,
 0.93798986,0.96713979,0.69895046,0.45049118,0.57762477,0.73302397,
 0.71435635,0.69600457,0.66499407,0.89690312,0.86557444,0.95354321,
 0.35408953,0.88700276,0.73824209,0.53720666,0.77479821,0.99216306,
 0.8837247 ,0.7722649 ,0.94165532,0.71970976,0.79650155,0.84012447,
 0.60447293,0.54100115,0.72717033,0.68379169,0.86863582,0.83142308,
 0.97670897,0.96686779,0.60212482,0.58729743,0.39403871,0.51997822,
 0.42253449,0.98294705,0.99173438,0.92698037,0.59600507,0.75248549,
 0.68975957,0.49722059,0.31928314,0.92570268,0.63737415,0.44349512,
 0.74803841,0.82278755,0.75938902,0.76916941,0.82202636,0.75166105,
 0.86592484,0.99740979,0.48903697,0.58767206,0.90656828,0.66253675,
 0.50022039,0.16494189,0.84201216,0.79227612,0.76624529,0.72462034,
 0.46098562,0.47270046,0.9109017 ,0.94745346,0.96167982,0.82737785,
 0.4304249 ,0.90975338,0.8242268 ,0.95697526,0.99210148,0.457088  ,
 0.90355548,0.99051197,0.44738976,0.6419255 ,0.81100852,0.376005  ,
 0.83931465,0.9271627 ,0.8962126 ,0.57931833,0.38374601,0.8691193 ,
 0.71449959,0.53481389,0.86873967,0.92499835,0.39666514,0.88310283,
 0.96050035,0.79422789,0.74005997,0.69926087,0.78352117,0.88138512,
 0.55759711,0.31188754,0.64119277,0.63887014,0.41323303,0.78547311,
 0.96623392,0.82225056,0.8097027 ,0.92993719,0.69293124,0.71391727,
 0.93368469,0.8911613 ,0.80402093,0.33577536,0.18338209,0.69414366,
 0.66467214,0.72204789,0.46934058,0.62447415,0.93385596,0.6908737 ,
 0.86988254,0.86297071,0.92216963,0.79931744,0.90273366,0.64884631,
 0.61598819,0.79358508,0.58513843,0.6446397 ,0.89538733,0.83029931,
 0.74666934,0.4394157 ,0.70513288,0.71114742,0.56716507,0.61029458,
 0.4960889 ,0.88760043,0.60451836,0.78399329,0.24039707,0.53122167,
 0.58640645,0.38527734,0.74766906,0.94481896,0.99917531,0.64797679,
 0.9198636 ,0.61900859,0.84374869,0.98644192,0.8771252 ,0.61487273,
 0.7404409 ,0.62184569,0.80574831,0.57264603,0.96568908,0.53908788,
 0.50614754,0.88610274,0.82302438,0.79577739,0.85941287,0.72312546,
 0.76368819,0.98920526,0.81383647,0.98549539,0.79125942,0.27898457,
 0.77604526,0.6676617 ,0.99153947,0.40009074,0.79347448,0.48206838,
 0.92140741,0.91773791,0.75227141,0.99154539,0.98088099,0.54973313,
 0.76867939,0.8732629 ,0.59259698,0.98387777,0.3120158 ,0.81046319,
 0.91928682,0.76058335]","[0.47236617,0.02712004,0.46808898,0.2206647 ,0.25754292,0.0658272 ,
 0.4048873 ,0.1941489 ,0.00432563,0.67634031,0.30364334,0.02295517,
 0.48874588,0.15336802,0.05394779,0.41219283,0.23984518,0.03436108,
 0.01025524,0.00143768,0.18588795,0.29359535,0.05562635,0.40408983,
 0.21899209,0.67097323,0.21662798,0.24295606,0.33718342,0.10873912,
 0.27953255,0.39518764,0.1124548 ,0.22171088,0.65008214,0.19867426,
 0.1982057 ,0.66331579,0.43972765,0.32638074,0.32873796,0.12919007,
 0.37118491,0.37781345,0.03712005,0.27040391,0.36851124,0.26010838,
 0.13615744,0.42427606,0.00454868,0.21100622,0.05268861,0.53782624,
 0.11594066,0.05583529,0.51214892,0.06702334,0.20079454,0.1609314 ,
 0.14477542,0.09005801,0.05054274,0.25648624,0.57740815,0.18512351,
 0.17999585,0.1528329 ,0.17042567,0.2360806 ,0.33078952,0.13421447,
 0.60399197,0.13225017,0.53440573,0.0121825 ,0.10480296,0.0340364 ,
 0.54563498,0.38664082,0.24029748,0.1630922 ,0.06203991,0.33802617,
 0.33373852,0.19248857,0.19585393,0.57591815,0.04960036,0.12252715,
 0.14266738,0.63084178,0.14231889,0.75428838,0.31767252,0.18132151,
 0.1906241 ,0.1409306 ,0.2136554 ,0.01819482,0.44108017,0.48584599,
 0.02422133,0.03839049,0.04089288,0.34205537,0.21499721,0.71059668,
 0.05604948,0.52126335,0.3287765 ,0.37410825,0.0111621 ,0.16348536,
 0.16710604,0.07366416,0.03948356,0.20741467,0.15474872,0.14713985,
 0.11317775,0.27799115,0.29944439,0.07808039,0.17230159,0.22260936,
 0.14969444,0.11570048,0.0654618 ,0.4843991 ,0.06505769,0.10557969,
 0.36817135,0.24394821,0.49292368,0.05823008,0.2367677 ,0.18758036,
 0.2799703 ,0.55774605,0.30618139,0.13908267,0.6107557 ,0.08025619,
 0.26345698,0.16283176,0.67613363,0.29554246,0.25196401,0.81950206,
 0.14085209,0.03871938,0.59627499,0.09121764,0.03249202,0.40595363,
 0.4550074 ,0.21131234,0.0092409 ,0.46950442,0.20718282,0.25546251,
 0.10662041,0.04416931,0.46815006,0.3426934 ,0.03944282,0.32106923,
 0.03178058,0.72265466,0.15454334,0.42125064,0.00315816,0.86712938,
 0.02801538,0.32033738,0.44571947,0.19886539,0.01718266,0.25919441,
 0.45783203,0.44753843,0.24533235,0.51648642,0.71813659,0.14519594,
 0.10957234,0.01699843,0.41110925,0.12475776,0.13102516,0.09345139,
 0.60894225,0.15740934,0.0764187 ,0.07399644,0.23828935,0.55753614,
 0.03008766,0.16608315,0.27900008,0.57001978,0.11221339,0.27455951,
 0.46979333,0.20453166,0.10506564,0.01770123,0.14472088,0.01819012,
 0.0611047 ,0.08915636,0.00826234,0.07717123,0.23287351,0.20179592,
 0.2651901 ,0.0409635 ,0.0766611 ,0.58038321,0.04187115,0.05389927,
 0.07773194,0.05965415,0.74097305,0.38556012,0.52803717,0.14573932,
 0.14326715,0.3982963 ,0.31510818,0.00854294,0.55686881,0.21048852,
 0.01064308,0.37137469,0.24250146,0.10817893,0.10323097,0.82641026,
 0.59525284,0.05818213,0.71169263,0.53397282,0.14824811,0.50203701,
 0.18682837,0.1260675 ,0.01109859,0.11738986,0.05859188,0.19382968,
 0.23098791,0.64859301,0.04729528,0.07547758,0.24627427,0.24899507,
 0.34201698,0.06062588,0.19354246,0.42624075,0.03770637,0.25237788,
 0.13403001,0.05990921,0.28968734,0.07532122,0.31611495,0.29723585,
 0.084134  ,0.41920063,0.35817559,0.04170599,0.25394363,0.17462521,
 0.12212534,0.02001655,0.24205191,0.08265377,0.09760364,0.00654271,
 0.2094813 ,0.11356828,0.23806339,0.11245033,0.38634938,0.64488695,
 0.06012167,0.23364794,0.36955889,0.26199563,0.88135076,0.15241848,
 0.03471345,0.43943703,0.0688016 ,0.28113575,0.01823783,0.39464972,
 0.05175182,0.23609101,0.20187401,0.29451976,0.19992361,0.46328135,
 0.06273568,0.07566048,0.39911611,0.28962021,0.47056474,0.67272837,
 0.01577574,0.19065718,0.01203076,0.00348714,0.11612531,0.19578115,
 0.12513058,0.61862991,0.50966365,0.17455499,0.03937387,0.2581672 ,
 0.67664902,0.45641243,0.24605823,0.00346974,0.09083137,0.05474268,
 0.03654781,0.0777066 ,0.1829913 ,0.04403269,0.06264055,0.08664313,
 0.10426919,0.07770032,0.09137785,0.23067575,0.42636178,0.02816776,
 0.07211634,0.20432259,0.18767549,0.01674701,0.27088315,0.71746477,
 0.08532912,0.00221821,0.02408526,0.31938424,0.48187238,0.00433606,
 0.01441379,0.06806921,0.01056893,0.33640452,0.05501635,0.0629222 ,
 0.0518872 ,0.21682592,0.0815729 ,0.08833047,0.0835944 ,0.49863972,
 0.0854678 ,0.27274077,0.1207702 ,0.35754853,0.08829516,0.30209333,
 0.26559048,0.19180216,0.33477152,0.02170688,0.02917572,0.05084206,
 0.06284233,0.36130455,0.19333891,0.38362236,0.04033136,0.57789165,
 0.09657152,0.43901722,0.18476966,0.1809333 ,0.01994458,0.2003887 ,
 0.60365435,0.20342076,0.12543827,0.71917334,0.13947192,0.08090985,
 0.00566206,0.5418771 ,0.0080986 ,0.03494241,0.19490207,0.22667694,
 0.06423018,0.00759965,0.2122241 ,0.39573665,0.40974402,0.31987785,
 0.0159323 ,0.03440915,0.21578675,0.03612026,0.20694493,0.02600406,
 0.06913082,0.21004907,0.19387861,0.0120385 ,0.18105621,0.17335086,
 0.02973753,0.24809168,0.33302084,0.0065986 ,0.05036015,0.09184484,
 0.2080333 ,0.25120543,0.32514769,0.04862487,0.20437212,0.23717601,
 0.6586228 ,0.21113794,0.01268539,0.01631897,0.27414407,0.12778619,
 0.1834232 ,0.33787155,0.03995957,0.43567306,0.33168344,0.05658331,
 0.4043348 ,0.0728941 ,0.64611768,0.23348551,0.2869954 ,0.13969829,
 0.10270622,0.23191717,0.33966648,0.05695634,0.24267155,0.03778345,
 0.20337496,0.61796119,0.1134085 ,0.29170806,0.18179768,0.07337953,
 0.29585798,0.15099538,0.15882709,0.51914257,0.45013927,0.28172012,
 0.3518719 ,0.00157152,0.73683192,0.12841787,0.01418853,0.65490464,
 0.08832829,0.06131158,0.33835405,0.01649149,0.13271806,0.10010869,
 0.07939178,0.29129407,0.1619621 ,0.00226885,0.0251415 ,0.22699012,
 0.35604049,0.09057898,0.27190738,0.1316295 ,0.12652236,0.20591632,
 0.07458962,0.40269519,0.05446731,0.18644028,0.02094836,0.48395564,
 0.10282192,0.18061747]",1000,0.5,0.3
"[0.78236349,0.76182286,0.61432189,0.47365116,0.91817929,0.89955254,
 0.5720935 ,0.82797643,0.84880325,0.54897466,0.83574209,0.56129054,
 0.66709616,0.33065567,0.27092495,0.49162138,0.76524478,0.92825581,
 0.60122992,0.89688095,0.99683137,0.58512599,0.89773042,0.14455516,
 0.85007474,0.56055241,0.47939685,0.88684021,0.55481911,0.82080101,
 0.21018143,0.60250916,0.27444129,0.66293287,0.71668806,0.49100637,
 0.16452462,0.90843811,0.91636902,0.81407107,0.62984887,0.32457993,
 0.95334265,0.8512968 ,0.13811686,0.90042171,0.90664204,0.82676122,
 0.55502958,0.33915838,0.81724251,0.33459098,0.91823062,0.4528685 ,
 0.77390179,0.50873534,0.18182483,0.53472358,0.61876555,0.56206188,
 0.40959802,0.69639027,0.90622166,0.42112941,0.69548787,0.79286878,
 0.79927529,0.74643224,0.87799487,0.61111781,0.97054302,0.52158782,
 0.84483581,0.99670895,0.93147132,0.51552903,0.95728503,0.36601986,
 0.64106984,0.81298133,0.93662467,0.58603397,0.9372893 ,0.45419457,
 0.96804447,0.60323129,0.68534975,0.42611231,0.61241352,0.9865884 ,
 0.99594412,0.5169132 ,0.78118997,0.85121117,0.48548454,0.45051883,
 0.94229412,0.83413609,0.09511098,0.53853014,0.44535145,0.79512248,
 0.77712136,0.9500108 ,0.35722594,0.77131731,0.4728738 ,0.99049328,
 0.50505906,0.92996122,0.43883943,0.7437308 ,0.59632827,0.18301846,
 0.98519317,0.3990992 ,0.49720759,0.32030079,0.84582232,0.78028262,
 0.72419724,0.44006663,0.93403758,0.80896872,0.50109624,0.53901422,
 0.57912673,0.67952676,0.97064726,0.6278587 ,0.80765044,0.77802552,
 0.58970085,0.43410641,0.30568819,0.90358537,0.9226726 ,0.17208658,
 0.24505635,0.58140504,0.7373318 ,0.5048523 ,0.6547944 ,0.97350581,
 0.32193008,0.07763628,0.68607433,0.57088067,0.84516721,0.96189235,
 0.26993728,0.62492807,0.50980153,0.57033749,0.901037  ,0.84692375,
 0.80798478,0.96203137,0.85031872,0.9618197 ,0.52361489,0.65537526,
 0.89460304,0.67058094,0.78966762,0.14958265,0.3788412 ,0.46766683,
 0.97809387,0.59802222,0.14821412,0.86294279,0.86274914,0.70888338,
 0.86863885,0.79643889,0.47312388,0.79105493,0.45180888,0.4205356 ,
 0.76237598,0.8216624 ,0.97931866,0.92607658,0.53735524,0.3501907 ,
 0.78697254,0.86592862,0.97072327,0.99567668,0.89685555,0.64485038,
 0.12003503,0.3034644 ,0.19946796,0.22264496,0.93390035,0.36144488,
 0.40044527,0.17446321,0.77720962,0.73078014,0.28269102,0.5466172 ,
 0.9478515 ,0.98873814,0.85268341,0.31833414,0.85005888,0.66637271,
 0.85805496,0.67011112,0.99109462,0.89077596,0.97772885,0.63748776,
 0.69069832,0.89469184,0.50852544,0.98769063,0.59647373,0.58574048,
 0.92906048,0.59000607,0.39037235,0.70441752,0.69358974,0.12756578,
 0.9157436 ,0.79766374,0.6734149 ,0.83764169,0.43889371,0.7212705 ,
 0.64658895,0.86101871,0.11197096,0.81905073,0.76524591,0.63518182,
 0.66567546,0.35136608,0.87363959,0.7942156 ,0.72953184,0.3721088 ,
 0.72378288,0.85595452,0.93633392,0.2781364 ,0.45619685,0.59489153,
 0.56940207,0.62119115,0.4429865 ,0.48049353,0.93071227,0.1786337 ,
 0.7666816 ,0.61208151,0.93514709,0.94553271,0.77243421,0.97438784,
 0.91836824,0.94962503,0.778868  ,0.65614202,0.2227083 ,0.93823041,
 0.88979093,0.83868087,0.01900039,0.53253797,0.63296599,0.90608405,
 0.87486107,0.77821462,0.6681746 ,0.86914109,0.22901788,0.17689956,
 0.68077175,0.69704708,0.73836444,0.84603933,0.65588491,0.58273216,
 0.82761718,0.50478125,0.78350598,0.73092926,0.89011848,0.96285095,
 0.72496295,0.99601508,0.42265044,0.7618885 ,0.88934165,0.9746287 ,
 0.81974238,0.21807405,0.87649924,0.71082066,0.82993399,0.31825593,
 0.93806436,0.99047495,0.0547629 ,0.46344665,0.82148695,0.90075648,
 0.3653597 ,0.79732829,0.8830099 ,0.60302694,0.97292212,0.44137648,
 0.62469346,0.95891703,0.37046742,0.84221476,0.60564103,0.81548416,
 0.53827621,0.98514705,0.0642916 ,0.12113042,0.67003723,0.55288472,
 0.12216873,0.75369495,0.04467622,0.91676354,0.16008718,0.72034089,
 0.28015235,0.89435939,0.80299705,0.88667019,0.26247478,0.43010828,
 0.91077956,0.503875  ,0.40711332,0.71333675,0.78896904,0.69439763,
 0.22411164,0.90278771,0.73250375,0.93009902,0.77895216,0.90240068,
 0.46312894,0.85098287,0.14406026,0.65911657,0.16921628,0.4404376 ,
 0.64644285,0.6365571 ,0.91677728,0.53711779,0.79758217,0.50875305,
 0.98308958,0.97064418,0.8696362 ,0.99927072,0.85516875,0.97026487,
 0.82419694,0.30175142,0.61857879,0.76431309,0.74967081,0.27071782,
 0.57399073,0.88243936,0.95195106,0.97894383,0.17088179,0.82836623,
 0.4161442 ,0.39404025,0.46891403,0.55467368,0.61957574,0.59886593,
 0.64286945,0.93158183,0.8623737 ,0.32539618,0.27273595,0.59222574,
 0.81680852,0.97431227,0.60401867,0.85684118,0.72610546,0.4130918 ,
 0.89621867,0.88406458,0.83161981,0.97691389,0.88545025,0.85475028,
 0.64692849,0.4676621 ,0.83907162,0.70401108,0.69720777,0.8988621 ,
 0.9022829 ,0.16803808,0.70193105,0.50258294,0.15575977,0.29938879,
 0.84717215,0.23124197,0.88921552,0.12862557,0.82376758,0.5206569 ,
 0.75777395,0.94118164,0.36695174,0.22890287,0.32090139,0.98357715,
 0.37083562,0.93903291,0.75207325,0.65117925,0.56594372,0.98658386,
 0.84548549,0.61016101,0.88143327,0.31621838,0.81610067,0.64135662,
 0.60162397,0.60934121,0.95571081,0.99653314,0.578076  ,0.46028401,
 0.22901977,0.60846432,0.85762335,0.21753846,0.54151661,0.96032143,
 0.9275057 ,0.71498976,0.88705899,0.77137601,0.74504608,0.82111299,
 0.7238339 ,0.66743238,0.41710587,0.71193198,0.82746754,0.65150303,
 0.67375014,0.94536505,0.9852784 ,0.69247172,0.83153129,0.63851412,
 0.53920706,0.73624662,0.33180085,0.92530935,0.69241139,0.04078807,
 0.97633037,0.52745594,0.77362411,0.91366148,0.70387735,0.5602379 ,
 0.83151424,0.57997489,0.51107638,0.67766524,0.15201551,0.56797314,
 0.38484382,0.55454455,0.37375267,0.0563187 ,0.79376406,0.52920985,
 0.91778095,0.63600061]","[3.78414483e-01,1.12184249e-01,8.81607044e-02,3.11856725e-01,
 4.88790519e-01,2.75337283e-01,3.08749549e-01,7.54370122e-01,
 3.07584193e-01,2.76395789e-01,5.46765160e-01,4.59466933e-01,
 3.51408169e-01,3.94401672e-01,4.46095899e-01,6.51923122e-03,
 1.25853251e-01,5.11650976e-01,7.69242529e-02,7.99472008e-01,
 2.37272338e-01,2.52529739e-02,4.56423394e-01,3.86136156e-01,
 1.16651824e-01,7.07588093e-01,3.47820875e-02,4.18254774e-01,
 2.37356265e-01,4.57171813e-01,2.11868869e-01,3.35141084e-01,
 2.39505775e-01,4.44723550e-01,7.40367407e-02,1.76674289e-01,
 6.29941273e-01,9.17065848e-02,3.40972907e-01,1.90543675e-02,
 9.92791522e-02,4.45151841e-01,2.65540113e-01,2.07498350e-01,
 2.69848778e-01,1.79486391e-01,6.71118399e-01,3.03090610e-01,
 2.30699456e-01,6.27568871e-02,3.39332623e-02,5.99799116e-01,
 6.29563389e-01,2.50103215e-02,4.78053709e-01,2.30079636e-01,
 3.60736205e-01,2.61347471e-02,2.37505287e-01,8.93254963e-01,
 2.20852948e-01,3.92840660e-01,7.24208231e-01,1.57608496e-02,
 4.11642474e-01,2.65508639e-02,2.24662255e-01,2.57443835e-01,
 3.98553476e-01,2.50886733e-01,3.37701014e-01,9.31185186e-01,
 5.81423867e-01,3.84971437e-01,8.01801962e-01,1.98575914e-01,
 2.29975713e-01,4.82861978e-01,7.24326744e-01,1.38191325e-01,
 7.66809665e-01,8.42640300e-01,1.61487783e-01,9.28319248e-01,
 6.32540908e-02,3.11357059e-01,1.00329929e-01,4.56067312e-01,
 1.96056554e-01,4.15810436e-01,5.41403475e-02,6.21028173e-01,
 6.84383426e-02,6.62489251e-02,1.25522676e-01,4.66073160e-01,
 2.45930117e-01,3.89071738e-01,3.73793875e-01,4.28627077e-01,
 8.26474579e-01,8.47030770e-01,1.18154500e-01,4.95282250e-04,
 3.56168629e-01,3.33544237e-01,4.66137318e-01,2.60529192e-01,
 2.40602974e-01,5.24205525e-01,2.59263478e-01,2.89097791e-01,
 2.48804632e-01,4.52132730e-01,4.74248792e-01,5.54939841e-02,
 3.69143665e-01,1.25013879e-01,7.29480864e-02,3.14795221e-01,
 1.69895156e-01,2.74522573e-01,7.24476246e-02,3.40613383e-01,
 2.78190361e-01,2.04556663e-02,4.23509223e-01,5.97967530e-01,
 8.11356367e-02,8.43279760e-01,1.28925298e-01,1.93976589e-01,
 7.51678832e-01,8.75082128e-01,6.27214472e-01,3.35956430e-01,
 3.79843845e-01,3.44367609e-01,5.27272202e-01,1.88542983e-01,
 5.27149256e-01,7.70313206e-02,1.75545143e-01,7.16827592e-02,
 1.13152218e-01,7.01248272e-01,4.21341670e-01,6.88495558e-01,
 2.72016992e-01,4.69989106e-01,5.13790883e-02,4.50354766e-01,
 1.29820121e-01,2.88884412e-02,1.93684312e-01,2.28221123e-02,
 4.74127665e-01,3.40494306e-01,1.44849681e-02,2.35295217e-01,
 5.48791563e-01,6.01268883e-01,2.53424171e-01,9.99678744e-02,
 1.41028316e-01,1.30120158e-01,2.61166479e-01,1.26286619e-01,
 8.34478145e-01,2.65675058e-01,2.26964388e-01,5.88234591e-01,
 2.29484228e-01,7.57752499e-02,3.49061780e-01,5.90575508e-02,
 6.62685390e-02,5.98551416e-01,4.96112550e-02,4.28106803e-02,
 5.75126159e-01,1.81799089e-01,4.58780977e-01,9.30972464e-01,
 2.88252957e-01,4.11703796e-01,9.24065757e-02,1.15154764e-01,
 4.28934157e-01,1.18660188e-01,6.37300214e-01,1.40690252e-01,
 7.90647921e-01,5.17125595e-01,4.11892502e-01,2.06308614e-01,
 2.57400414e-01,3.70774487e-01,2.59475166e-01,3.72794065e-02,
 6.13632338e-01,5.72765427e-01,7.22705842e-03,1.39169448e-01,
 4.76661271e-01,7.67868933e-01,6.56235213e-01,2.03670378e-01,
 5.39685036e-02,7.36213726e-01,3.17961753e-02,2.03621610e-01,
 7.58428675e-01,3.27310571e-01,2.27457374e-01,2.15891873e-01,
 4.35662501e-01,1.38094525e-01,1.08546711e-01,8.84575005e-02,
 3.63915047e-01,3.41656308e-01,1.35401808e-01,6.77980729e-01,
 6.38751989e-01,4.21899364e-02,7.48532396e-01,4.32432787e-01,
 1.33260419e-01,3.19481706e-01,1.91114333e-01,2.94071777e-01,
 2.74182260e-02,2.97297261e-01,8.06305302e-01,3.90959462e-01,
 5.66860514e-01,8.52963075e-01,7.90752983e-01,2.28376224e-01,
 1.67912614e-01,7.71767408e-01,2.31797518e-01,5.32311647e-01,
 3.06159638e-01,2.57178694e-01,7.73222706e-02,5.30812857e-01,
 2.19270576e-01,1.15509749e-01,5.37530322e-01,4.72089930e-01,
 3.36384908e-01,3.53295405e-01,7.84883817e-01,9.09906728e-02,
 2.48340152e-01,2.15527104e-01,2.23139703e-01,1.82724147e-01,
 6.34328904e-01,8.76004084e-01,3.76749389e-01,5.22550695e-01,
 1.30663064e-01,7.65894124e-03,2.78870467e-01,1.44476107e-01,
 5.77115691e-01,6.03869127e-01,3.53904708e-01,2.72226782e-01,
 7.02794900e-01,7.60099047e-01,1.58089289e-01,1.81302686e-01,
 2.08067882e-01,1.23885417e-01,5.81344638e-01,8.92072481e-02,
 5.70497970e-01,2.20985294e-01,2.73917991e-01,1.17190251e-01,
 2.08571698e-01,1.49542079e-01,1.09718459e-01,2.15806069e-01,
 4.93036000e-01,2.81436324e-01,5.03602633e-01,5.10242452e-01,
 7.77659352e-03,7.60769309e-01,3.98180723e-01,3.08942062e-01,
 1.97260789e-01,1.64136522e-02,4.33121351e-01,3.70494062e-01,
 1.45409620e-01,2.79309951e-02,1.69986613e-01,1.37184603e-01,
 7.66229122e-01,1.33049781e-01,3.03631602e-01,5.77672141e-01,
 9.88594291e-02,3.66600977e-01,2.49899959e-01,3.52629798e-01,
 4.44557542e-01,5.20438715e-02,4.30633519e-01,1.03196227e-01,
 4.62320087e-01,5.80904166e-01,1.05244229e-01,1.80207030e-01,
 5.91189822e-01,2.62575550e-02,3.21018125e-01,1.13053626e-01,
 3.10971945e-01,4.88670617e-01,3.53315033e-01,9.40008426e-02,
 1.13737441e-01,7.77489251e-02,3.01643977e-01,2.24920747e-01,
 1.49673897e-01,4.56341647e-01,3.78689326e-01,4.07790717e-01,
 1.57962262e-01,1.81978808e-01,6.67455955e-01,3.06191168e-01,
 3.32961960e-01,7.62109838e-01,4.85155311e-01,1.96298035e-02,
 1.04760201e-01,6.29018479e-01,3.18446621e-01,5.62830943e-02,
 2.78096692e-01,7.54134682e-01,1.36725258e-01,2.69247554e-01,
 1.77247145e-01,8.03617274e-01,5.87853675e-01,6.48709295e-01,
 2.16082115e-01,2.00470008e-01,2.09497420e-02,3.21881866e-01,
 7.76151200e-01,9.45614580e-02,4.25204021e-01,1.34354589e-01,
 2.28016502e-02,2.74429295e-01,1.41517392e-01,7.36426676e-01,
 1.28948460e-01,4.78082699e-01,1.05860033e-01,5.37711310e-03,
 6.20582191e-01,1.49346795e-01,2.59904018e-01,1.24097163e-01,
 2.17380785e-01,2.09584621e-01,8.58929746e-01,2.78351679e-01,
 1.30783287e-01,4.12452282e-01,2.01559584e-01,8.62583393e-03,
 9.33769393e-01,9.02238314e-01,7.20132840e-01,5.06116287e-02,
 7.56887520e-01,8.27069056e-02,1.86150774e-01,9.25025590e-03,
 6.24122606e-01,4.45564504e-01,5.16426921e-02,2.72748887e-01,
 1.62065697e-01,1.28711637e-01,1.03150825e-01,3.89125459e-01,
 6.35141614e-01,2.52802649e-01,3.43427938e-01,3.22764287e-01,
 2.48759076e-01,2.76683006e-01,3.24953064e-01,8.72672379e-01,
 3.61513128e-01,1.83756060e-01,2.39784373e-01,3.15227778e-01,
 3.78846088e-01,4.48719751e-01,6.33104902e-02,2.32112611e-01,
 3.10054321e-01,3.21316118e-01,1.75091409e-01,2.99380567e-01,
 3.02791575e-01,2.16185770e-01,1.30148485e-01,3.23202477e-01,
 7.16161645e-02,3.62432690e-01,4.52445610e-01,1.88706220e-01,
 9.55100982e-02,1.43921838e-03,3.41890676e-01,3.34304104e-02,
 1.55251082e-01,4.92612274e-02,1.68025446e-01,6.22957826e-01,
 2.05656290e-01,1.45460888e-01,9.80977196e-02,2.40943252e-01,
 4.21590064e-01,3.60398927e-01,2.23772762e-01,2.27743307e-01,
 5.25718886e-01,3.47982178e-01,3.46448810e-02,1.17529086e-02,
 6.32281273e-01,1.47369684e-01,8.79064832e-02,5.11707744e-01,
 4.01389150e-01,3.20493035e-01,3.11005383e-01,4.17993607e-01,
 3.15167709e-01,8.33199356e-02,1.71836254e-01,6.64350992e-02,
 5.69604880e-01,1.51290673e-01,5.86158414e-01,2.18860851e-01,
 1.58646184e-01,1.35972098e-01,2.23039143e-01,9.23386684e-02,
 1.58236103e-01,6.47020066e-01,2.08878063e-02,1.09007454e-01,
 2.33398358e-01,7.37336886e-01,7.20476803e-01,1.91498281e-01,
 3.05391552e-01,1.08675487e-01,4.74602346e-01,5.81035988e-01,
 7.87640579e-01,2.72682925e-01,3.97478490e-01,6.98301759e-03,
 6.01200460e-01,2.17850343e-01,2.63856951e-01,7.04664762e-02,
 6.98358551e-01,2.49018498e-01,4.26827413e-01,5.07785241e-01,
 1.82264074e-01,1.17889285e-01,6.47058083e-01,3.60407492e-01,
 5.39387349e-01,4.54672770e-01,7.50515703e-02,1.64771776e-01]",1000,0.5,0.5
"[0.84671408,0.22391003,0.69196574,0.41369926,0.42037447,0.79728564,
 0.84223432,0.3115029 ,0.55142006,0.61203939,0.97463039,0.91071798,
 0.87184492,0.17477146,0.09695196,0.85458898,0.63040013,0.41875167,
 0.88242322,0.86423521,0.17833772,0.36363533,0.88004728,0.41266998,
 0.55588909,0.87649794,0.21520718,0.77648511,0.21799778,0.8711827 ,
 0.32268477,0.81865671,0.7269751 ,0.66356388,0.21303892,0.4694792 ,
 0.74230974,0.82029342,0.4568886 ,0.59103331,0.69005168,0.83382879,
 0.63128769,0.22848256,0.64159503,0.8728463 ,0.53957304,0.50123203,
 0.44519193,0.93245032,0.99405521,0.35034583,0.85223811,0.1405631 ,
 0.23688056,0.34913356,0.17728533,0.66218779,0.73743725,0.95734337,
 0.82885321,0.98933026,0.95489294,0.58382017,0.92667415,0.73159261,
 0.66241469,0.99992258,0.31288775,0.58903636,0.93021446,0.63507514,
 0.83667223,0.54415839,0.82266133,0.6605067 ,0.21740761,0.61534566,
 0.35168196,0.74586241,0.39194003,0.43323966,0.9007687 ,0.68680016,
 0.15559448,0.41822832,0.88176883,0.99731961,0.6254601 ,0.49943644,
 0.10975379,0.43166899,0.55142878,0.65729565,0.65603444,0.68668964,
 0.67711208,0.76825325,0.96796526,0.9241978 ,0.75914807,0.86452676,
 0.95573326,0.83835821,0.53986886,0.33674718,0.75988064,0.73253277,
 0.84343961,0.22792814,0.72672573,0.47609352,0.71366465,0.36217315,
 0.51876649,0.7503532 ,0.98246597,0.66764723,0.97178013,0.65969552,
 0.33163351,0.90518748,0.44019299,0.29993555,0.9860118 ,0.58346008,
 0.6794885 ,0.65396733,0.88495785,0.38561945,0.45041693,0.27860333,
 0.42420698,0.54130008,0.98662208,0.09891105,0.978816  ,0.98082113,
 0.37522988,0.81913822,0.46751612,0.42999025,0.34959988,0.89308865,
 0.54627658,0.5725819 ,0.98765953,0.91026513,0.86438285,0.33605111,
 0.49217488,0.3301655 ,0.3748425 ,0.94712805,0.21853688,0.50433171,
 0.74586867,0.09633239,0.98442332,0.82870875,0.76654869,0.26519113,
 0.21397883,0.30386793,0.33103572,0.23165032,0.64700481,0.35990979,
 0.29216159,0.76877898,0.31447824,0.62237828,0.2810361 ,0.1415479 ,
 0.72481509,0.43655972,0.06863062,0.96240306,0.99631785,0.44258801,
 0.58637435,0.68162293,0.08880066,0.83810758,0.93522271,0.48475364,
 0.95984455,0.74946702,0.34884246,0.48136791,0.95396015,0.48402936,
 0.04084447,0.57517162,0.95629219,0.59323603,0.65374448,0.23841453,
 0.39415678,0.8593961 ,0.71048778,0.88926889,0.90669361,0.78932565,
 0.50632451,0.26103316,0.86334303,0.38112356,0.13968197,0.20177058,
 0.92102366,0.72470009,0.82150992,0.34014818,0.61235762,0.75456267,
 0.9427749 ,0.27265277,0.6813104 ,0.80432354,0.34856187,0.39149035,
 0.52293561,0.98537205,0.33027032,0.40422471,0.27958479,0.68087095,
 0.44201238,0.08350555,0.59490146,0.57072995,0.70224941,0.96248361,
 0.93868704,0.09450292,0.33321584,0.94072782,0.24431008,0.17014269,
 0.81872549,0.02403353,0.18042691,0.83383833,0.85629516,0.54269306,
 0.51687109,0.87577651,0.60686838,0.73041179,0.32830257,0.87624109,
 0.59551187,0.98186268,0.37246103,0.35706492,0.96300596,0.8107979 ,
 0.61659983,0.80336519,0.94188699,0.47697693,0.95283788,0.37520078,
 0.78342252,0.91760864,0.78091916,0.57810199,0.25180044,0.98699143,
 0.69238313,0.49539523,0.66267813,0.05333113,0.80142144,0.86377823,
 0.87295333,0.97837482,0.39834953,0.06598922,0.40099812,0.81646486,
 0.94865215,0.118776  ,0.70307042,0.59895045,0.96735121,0.89149627,
 0.95867277,0.67932093,0.78003811,0.13082905,0.37910068,0.20589636,
 0.21268767,0.75489955,0.26797433,0.82770657,0.62358048,0.23580435,
 0.20103679,0.84862639,0.61413599,0.28867029,0.61856894,0.34679392,
 0.32926773,0.61956399,0.675028  ,0.9674003 ,0.433212  ,0.0609548 ,
 0.30858591,0.45922844,0.86061736,0.69634521,0.96679606,0.31633895,
 0.69014812,0.86638857,0.93119676,0.86150522,0.4634416 ,0.62184336,
 0.8995937 ,0.44007944,0.28366774,0.4574273 ,0.95753558,0.80247595,
 0.84132729,0.87411111,0.29728582,0.56645389,0.49910964,0.63828621,
 0.26530191,0.93679339,0.65594444,0.76467005,0.17632911,0.25432047,
 0.39237281,0.93392418,0.7363658 ,0.59638881,0.69132083,0.34753774,
 0.89456688,0.39381973,0.77046075,0.19241458,0.77961725,0.61112233,
 0.44457711,0.88991727,0.48942508,0.40048648,0.75768368,0.36904809,
 0.56130661,0.50884552,0.65514762,0.99135237,0.92705988,0.11217579,
 0.33958593,0.32353265,0.13098177,0.18841833,0.59530364,0.86787713,
 0.77972938,0.33202349,0.84102174,0.26198268,0.87329917,0.85726802,
 0.9373815 ,0.93353954,0.79276254,0.17722199,0.43828104,0.92247539,
 0.48957392,0.77722705,0.46702542,0.62832546,0.57367965,0.85934524,
 0.66249597,0.66329201,0.55612303,0.59705623,0.21028978,0.67678258,
 0.75804055,0.31428012,0.61266662,0.33773242,0.81625156,0.52133146,
 0.63197946,0.01530171,0.81698924,0.91058101,0.14729113,0.1442977 ,
 0.74128927,0.80942071,0.28549625,0.85927922,0.51204481,0.74570403,
 0.31788961,0.32641006,0.89785972,0.6206898 ,0.97112874,0.31405887,
 0.53947448,0.24365325,0.78274384,0.61365927,0.5258679 ,0.85656184,
 0.98717621,0.81950182,0.65940793,0.29209465,0.80675077,0.78590784,
 0.22989309,0.60555999,0.33800389,0.81505504,0.39350106,0.6421935 ,
 0.77917339,0.63739573,0.69807152,0.23819047,0.85096465,0.57454696,
 0.29991475,0.2010182 ,0.64979276,0.76184661,0.59645153,0.75628987,
 0.94756214,0.7855333 ,0.0885656 ,0.79445082,0.92206791,0.46739271,
 0.86315424,0.80259551,0.97903748,0.52620248,0.86783594,0.55455541,
 0.22132892,0.52356747,0.74880976,0.98085476,0.45626811,0.51977866,
 0.81644049,0.51645559,0.72441463,0.79471529,0.48915257,0.36251344,
 0.67228117,0.65623989,0.77361913,0.57793467,0.44262391,0.325154  ,
 0.58202986,0.97956447,0.08081347,0.3378975 ,0.40319792,0.72682243,
 0.35010395,0.87576211,0.49144691,0.5552961 ,0.66064209,0.56075039,
 0.4513983 ,0.02704269,0.6234934 ,0.61044425,0.25840711,0.6165343 ,
 0.17257824,0.87251084]","[0.63579417,0.69933256,0.76720957,0.04761311,0.88001289,0.03396603,
 0.12126606,0.58754863,0.29827356,0.64236193,0.14104338,0.04362658,
 0.43916179,0.39831918,0.18991173,0.17241904,0.67624385,0.1359185 ,
 0.46183695,0.56866533,0.19797931,0.76230796,0.04063137,0.43163454,
 0.44815459,0.30085296,0.04354162,0.16794045,0.1913724 ,0.53163745,
 0.78554377,0.18975947,0.16492317,0.00197649,0.59419466,0.67686229,
 0.24810918,0.12485987,0.33256142,0.83510717,0.41358527,0.33594512,
 0.75776624,0.34844128,0.34573897,0.2039972 ,0.46145607,0.80567761,
 0.34805078,0.65706968,0.1775205 ,0.6096654 ,0.15635581,0.51127063,
 0.66086359,0.48923085,0.56523544,0.30512144,0.33853958,0.45888283,
 0.90584927,0.69419171,0.2061158 ,0.31256614,0.71193128,0.14290721,
 0.21683787,0.63582428,0.67658077,0.10133475,0.79302189,0.4030653 ,
 0.20982344,0.93008948,0.82053191,0.43485435,0.49483841,0.34976416,
 0.31545015,0.60723835,0.56701463,0.08193114,0.54015658,0.79017859,
 0.35029855,0.1241415 ,0.46914411,0.52368778,0.91295803,0.03907998,
 0.8332996 ,0.46556665,0.45178256,0.03462748,0.74549161,0.80494748,
 0.78346296,0.19044052,0.3869627 ,0.3898719 ,0.19909834,0.0346734 ,
 0.07733677,0.05078941,0.68726539,0.90640934,0.14189107,0.07498493,
 0.69974189,0.13703496,0.23072309,0.59620579,0.04647021,0.49961203,
 0.47761048,0.00932576,0.20832991,0.91661728,0.6039384 ,0.4813861 ,
 0.30558482,0.6545556 ,0.73320146,0.09684174,0.54946044,0.69982364,
 0.17601636,0.67296542,0.85803436,0.04910302,0.55941035,0.71928187,
 0.06972552,0.85639094,0.20027287,0.52380546,0.69412858,0.24688586,
 0.94831969,0.19177814,0.60237931,0.40998798,0.67977158,0.53672319,
 0.83306747,0.34683041,0.04797694,0.70227606,0.40951817,0.48736298,
 0.09366516,0.53071887,0.54439176,0.40336883,0.38340106,0.39286625,
 0.08323094,0.91729991,0.18671489,0.63242721,0.36447243,0.47539378,
 0.53099731,0.96048489,0.71292918,0.11542005,0.30021187,0.75209288,
 0.96373745,0.22418317,0.48264327,0.16332935,0.85110286,0.74117733,
 0.65720038,0.20339479,0.53887119,0.20006064,0.71803528,0.62239812,
 0.24760725,0.58353808,0.19324906,0.49824791,0.78208893,0.24170162,
 0.34327348,0.38702311,0.01412515,0.5204463 ,0.15666567,0.31391468,
 0.23991931,0.25984344,0.21001265,0.59803898,0.33602924,0.07884104,
 0.89685267,0.27034335,0.87472425,0.39451972,0.53311968,0.58989166,
 0.02277564,0.94611764,0.19300469,0.29108348,0.41268726,0.34103918,
 0.40830551,0.16260124,0.19813467,0.71768705,0.85470739,0.07600917,
 0.00138637,0.46936223,0.24657054,0.76756569,0.31121175,0.5491902 ,
 0.37814433,0.06090955,0.78433826,0.17053733,0.23348002,0.55893336,
 0.79127904,0.65580532,0.40913249,0.0708402 ,0.47753542,0.48783633,
 0.34705688,0.50550945,0.3261085 ,0.00696012,0.32255022,0.25326442,
 0.09097058,0.18384526,0.19134718,0.31411936,0.44901993,0.01629271,
 0.06147082,0.02806631,0.91215044,0.55351995,0.41680922,0.73444347,
 0.57455173,0.24594245,0.96064513,0.37509704,0.20856656,0.18614242,
 0.54740996,0.49488784,0.49563352,0.27639777,0.79748077,0.39035835,
 0.07521448,0.95001688,0.2842422 ,0.4512326 ,0.40822259,0.06193965,
 0.31048448,0.26757302,0.87342371,0.95419147,0.57336599,0.35400571,
 0.26892469,0.29319349,0.2627994 ,0.19928802,0.29923777,0.14310809,
 0.48597754,0.69077473,0.61242355,0.25559152,0.08005183,0.71513008,
 0.90982206,0.46548847,0.30879923,0.65801861,0.69309761,0.57537743,
 0.21808537,0.54119176,0.0747667 ,0.32679497,0.17822748,0.08901508,
 0.0624697 ,0.52664924,0.48198215,0.68232965,0.00468686,0.81371957,
 0.43379937,0.18109663,0.76852962,0.38127001,0.26232771,0.44701626,
 0.22096285,0.51062483,0.11995758,0.57350989,0.61361889,0.06808254,
 0.68746421,0.59238432,0.65253205,0.81308552,0.6840846 ,0.61199408,
 0.2010856 ,0.74901869,0.17740644,0.23548061,0.18025153,0.27069957,
 0.55674902,0.38623111,0.7947442 ,0.87644386,0.14424731,0.32928548,
 0.69142764,0.28573408,0.62082385,0.08133069,0.15123527,0.05134739,
 0.23565456,0.55870138,0.09954272,0.03560169,0.27048938,0.46510305,
 0.48422135,0.60729143,0.1408999 ,0.55523099,0.58196552,0.50023915,
 0.22376022,0.91073465,0.39993353,0.10577535,0.03129487,0.11734341,
 0.80152862,0.08244679,0.31199379,0.30214015,0.11771506,0.49316721,
 0.07149328,0.03646268,0.23287723,0.4901766 ,0.2895991 ,0.22333829,
 0.02612414,0.02144642,0.87610529,0.06948641,0.40685101,0.69392782,
 0.88100426,0.13316508,0.47524948,0.35164241,0.95948006,0.64473373,
 0.73088413,0.14086478,0.63271909,0.19074843,0.28433469,0.19010966,
 0.52853083,0.58700888,0.0336411 ,0.0787848 ,0.62211018,0.13327688,
 0.77793797,0.00143217,0.98937079,0.51880619,0.63880149,0.49846135,
 0.12873538,0.4311596 ,0.27229974,0.2792293 ,0.42946009,0.7025558 ,
 0.74923257,0.15784605,0.73931885,0.65020435,0.30820959,0.74361435,
 0.33563664,0.21016215,0.8492153 ,0.80263784,0.02921565,0.2593524 ,
 0.64163155,0.36963819,0.52530667,0.19444929,0.92552193,0.45021982,
 0.50329639,0.86247025,0.19303026,0.61580208,0.58759236,0.40516745,
 0.1096333 ,0.14746225,0.66011832,0.08125587,0.49965256,0.93180353,
 0.24544268,0.24244353,0.72083982,0.58512812,0.40923577,0.1395472 ,
 0.41923304,0.3854785 ,0.91808832,0.06632401,0.00561907,0.34469886,
 0.55425747,0.01465803,0.21236945,0.1857608 ,0.86988743,0.08102077,
 0.21183817,0.5413807 ,0.44280893,0.11652577,0.02997445,0.81615463,
 0.47542839,0.58165103,0.51046938,0.75266276,0.3932933 ,0.27204227,
 0.23623117,0.67068594,0.31264613,0.9409164 ,0.49225206,0.65410306,
 0.29476861,0.1534432 ,0.37909882,0.63457749,0.52282666,0.97774079,
 0.13558609,0.16681922,0.35312512,0.25534093,0.06085134,0.39032239,
 0.24340602,0.16801296,0.06183677,0.28288751,0.02053199,0.37898881,
 0.96355607,0.71380177,0.35351332,0.5523609 ,0.39168519,0.53333302,
 0.71220004,0.11178146]",1000,0.5,0.7
"[0.33508071,0.71770236,0.78469382,0.1409011 ,0.45412594,0.59535636,
 0.58933398,0.1805166 ,0.74670739,0.91741348,0.45602929,0.94728896,
 0.85525823,0.98996329,0.26884873,0.51435325,0.79800875,0.87279765,
 0.91769211,0.2251649 ,0.02638027,0.70522595,0.71377117,0.86295925,
 0.59918379,0.20589872,0.62932631,0.34187549,0.03336879,0.96410529,
 0.33739854,0.40964189,0.23848124,0.79239696,0.58585526,0.40808288,
 0.99505639,0.27621963,0.2962326 ,0.89727565,0.83059603,0.56015471,
 0.62827611,0.2535837 ,0.16912655,0.05451968,0.50964434,0.60285803,
 0.0293446 ,0.33912738,0.85002136,0.96694411,0.33342161,0.44405295,
 0.66502808,0.88385597,0.14221929,0.94174187,0.70928169,0.03854032,
 0.29058951,0.17883599,0.87347033,0.46687623,0.9292531 ,0.64578259,
 0.65778478,0.56775888,0.99652171,0.7314015 ,0.618443  ,0.49528356,
 0.01054582,0.53043663,0.87841714,0.746969  ,0.80468037,0.72413334,
 0.67896032,0.20660504,0.75359418,0.40700834,0.27527386,0.39579312,
 0.87304787,0.88955384,0.9808722 ,0.18720193,0.98513669,0.81146194,
 0.25863766,0.93178163,0.94850719,0.49082858,0.84743773,0.31622921,
 0.41779904,0.72570296,0.52124447,0.98236678,0.3303036 ,0.75765922,
 0.88442648,0.54068744,0.02104477,0.48860102,0.40580512,0.94628867,
 0.29802342,0.07082921,0.6318119 ,0.3906808 ,0.0672323 ,0.42676487,
 0.58977703,0.43456996,0.65253035,0.87845973,0.76606881,0.15798133,
 0.7280999 ,0.82764387,0.05766049,0.43195356,0.49329   ,0.60115379,
 0.74601973,0.20715467,0.35905079,0.74648616,0.04856401,0.85396055,
 0.58926631,0.05839806,0.61552437,0.04171866,0.43688293,0.36629028,
 0.96840166,0.76687199,0.9480062 ,0.30358871,0.19231807,0.57084221,
 0.09494501,0.83490333,0.576073  ,0.49792691,0.35367879,0.57788629,
 0.77382406,0.58891798,0.4893541 ,0.33310826,0.00764664,0.55902112,
 0.78122596,0.85479128,0.43592248,0.90129293,0.36549989,0.40239158,
 0.85166371,0.71874067,0.91736976,0.051592  ,0.95405685,0.63420201,
 0.91119665,0.86812316,0.63025876,0.66387102,0.22208626,0.24721762,
 0.76854196,0.69802081,0.55188033,0.88169412,0.6994206 ,0.15610156,
 0.96755965,0.48468579,0.85360702,0.02939802,0.60536171,0.15951938,
 0.68016094,0.71606735,0.65035065,0.9231858 ,0.61751294,0.73971818,
 0.71840821,0.0964765 ,0.58579048,0.61510522,0.6650662 ,0.64595756,
 0.94402124,0.99585712,0.87654856,0.21005615,0.09148071,0.76976867,
 0.94809925,0.02256905,0.51581607,0.10059013,0.74048902,0.12247626,
 0.85543633,0.78616304,0.75400173,0.37089842,0.32305793,0.38080007,
 0.59138644,0.19007923,0.33933031,0.13417102,0.05237795,0.4206534 ,
 0.26925185,0.87259323,0.78813505,0.08020368,0.6280499 ,0.70705158,
 0.07269122,0.88176575,0.13463339,0.79579856,0.23022531,0.14520656,
 0.97847846,0.67680443,0.04658755,0.08860145,0.94051404,0.02018359,
 0.80663984,0.43695739,0.05753209,0.14816236,0.82912774,0.61484707,
 0.52552052,0.75186447,0.98671021,0.27798997,0.59413103,0.74213887,
 0.46144562,0.74563576,0.64583424,0.77478347,0.8142359 ,0.50282536,
 0.28411964,0.12283759,0.06857923,0.81465405,0.20884962,0.67948724,
 0.61922044,0.59194426,0.35478803,0.71372298,0.66505578,0.92061871,
 0.8692785 ,0.3171854 ,0.60742823,0.17423628,0.12543929,0.46490394,
 0.51721787,0.50356235,0.89587564,0.36489119,0.70015386,0.01574067,
 0.32318482,0.65846979,0.78896563,0.2024082 ,0.05610912,0.56635293,
 0.62908152,0.2149307 ,0.55778594,0.36933107,0.13392911,0.79332356,
 0.16594262,0.60688332,0.83869748,0.90955527,0.02753378,0.97617122,
 0.71322541,0.47412894,0.75263197,0.94690499,0.4941918 ,0.5206545 ,
 0.46333328,0.3222371 ,0.99894838,0.08150277,0.2864476 ,0.87318487,
 0.02519878,0.31546218,0.9827329 ,0.77092975,0.67098185,0.57816157,
 0.50072187,0.31973357,0.96140765,0.10866351,0.05456896,0.29806413,
 0.71552663,0.10373257,0.28405529,0.78696134,0.76262337,0.36415388,
 0.69867103,0.49833866,0.84128158,0.4561375 ,0.27544584,0.02769221,
 0.92706656,0.42877706,0.94570117,0.43300482,0.8329771 ,0.87686425,
 0.17236903,0.05959017,0.44018154,0.28465517,0.90645171,0.81191611,
 0.56082497,0.75820214,0.50174622,0.80902186,0.49032014,0.23032247,
 0.58405005,0.85193156,0.59444455,0.67325382,0.06978353,0.13901797,
 0.51251686,0.731978  ,0.47549929,0.40388687,0.02639505,0.22731391,
 0.94671424,0.94290521,0.19793465,0.70798912,0.65166173,0.21029835,
 0.95271917,0.78940418,0.49571596,0.55818022,0.89548851,0.76629768,
 0.70196371,0.79631514,0.41234445,0.2301875 ,0.96694092,0.68325713,
 0.19410568,0.88131533,0.56132484,0.0268604 ,0.26638838,0.10497011,
 0.77642186,0.1607758 ,0.54113523,0.13265466,0.37490554,0.8401494 ,
 0.7034032 ,0.39390061,0.32475092,0.69799833,0.10592929,0.87171707,
 0.74848323,0.39370791,0.86829798,0.78000494,0.96556953,0.18730436,
 0.21272067,0.22895498,0.88170699,0.38050266,0.37392796,0.4040375 ,
 0.2340666 ,0.60417118,0.13744557,0.2209244 ,0.70454437,0.96327622,
 0.01834456,0.52222928,0.18610055,0.55160652,0.41039137,0.90658394,
 0.63809656,0.10828346,0.47078502,0.66161261,0.72557203,0.72208803,
 0.15200856,0.63746001,0.01983023,0.07819375,0.09703665,0.5484189 ,
 0.19519872,0.81284771,0.15524672,0.53361755,0.20724157,0.5449326 ,
 0.10704802,0.14780041,0.41152058,0.04241513,0.24643558,0.57370628,
 0.73801358,0.38090092,0.54581879,0.94006742,0.59566867,0.42605834,
 0.33055404,0.41375787,0.84069961,0.57419385,0.44726162,0.19235071,
 0.67291405,0.87231443,0.44624917,0.45741592,0.7808686 ,0.84329297,
 0.18098776,0.56833942,0.55534053,0.75371488,0.66382036,0.95092396,
 0.63923993,0.94584826,0.72339862,0.527294  ,0.97708156,0.80041885,
 0.21703381,0.95799502,0.13639123,0.23434216,0.98246338,0.74023551,
 0.7732238 ,0.54011015,0.60314714,0.99648131,0.64654494,0.46720292,
 0.13438006,0.32449195,0.78485028,0.39262345,0.72344278,0.71425509,
 0.13730241,0.84089913]","[0.07467127,0.14833007,0.18480671,0.72562299,0.23155335,0.69120219,
 0.58710357,0.50890635,0.43680181,0.70890255,0.00299036,0.65876821,
 0.15777123,0.81471967,0.11957356,0.73914334,0.8849318 ,0.3467763 ,
 0.53676405,0.37731036,0.03190865,0.22791599,0.62950073,0.38440453,
 0.79618009,0.52073085,0.21501607,0.99648089,0.90148416,0.98987285,
 0.42005078,0.99772169,0.6692897 ,0.30243054,0.23349107,0.306891  ,
 0.84111408,0.43172843,0.6631498 ,0.80155775,0.92454339,0.94883347,
 0.28083739,0.92829995,0.27173075,0.85079918,0.35778571,0.19398895,
 0.54543466,0.52683584,0.28491817,0.18312904,0.69353978,0.15428241,
 0.57730725,0.51270518,0.54385542,0.72883031,0.49070685,0.51647246,
 0.82579509,0.80004781,0.71250905,0.51735542,0.27208428,0.58391336,
 0.66149789,0.43963701,0.34981279,0.86321464,0.71111428,0.54798641,
 0.7469704 ,0.32143822,0.41058794,0.12165623,0.85478338,0.76395827,
 0.85265948,0.35154776,0.45578907,0.27770711,0.04291432,0.66049631,
 0.1651011 ,0.62572571,0.15968684,0.83793526,0.22153228,0.9787742 ,
 0.1229346 ,0.93312149,0.08820385,0.39233174,0.03278832,0.39596686,
 0.63119074,0.77462849,0.65076564,0.81683593,0.63860033,0.8740039 ,
 0.68355297,0.92202402,0.05701226,0.82254234,0.82046435,0.91871061,
 0.25949313,0.89967979,0.67844822,0.36760202,0.50703195,0.95136956,
 0.61860833,0.77138388,0.6736557 ,0.15154939,0.48294705,0.57588659,
 0.50158832,0.61380583,0.99676433,0.33580414,0.76315171,0.15860077,
 0.67677484,0.82268985,0.85305784,0.16824915,0.69377599,0.8279528 ,
 0.65196624,0.47235396,0.6785138 ,0.9230236 ,0.85945153,0.90625442,
 0.75024859,0.95240765,0.44859632,0.03161683,0.50519043,0.04348138,
 0.28043604,0.72731973,0.67216147,0.5316067 ,0.17545662,0.31678517,
 0.28438782,0.57385953,0.72710048,0.78538151,0.24906593,0.1193927 ,
 0.92805711,0.6918897 ,0.63072179,0.3893522 ,0.12510102,0.51794507,
 0.1071205 ,0.45215538,0.03175956,0.17929393,0.70648628,0.63403703,
 0.36872222,0.55672813,0.41360154,0.90470681,0.01856713,0.76839219,
 0.68594955,0.54611838,0.80448558,0.62754123,0.53941405,0.30595895,
 0.59671343,0.6312763 ,0.50813156,0.45217242,0.31217771,0.3062184 ,
 0.76035509,0.11255076,0.56328708,0.5070053 ,0.39052577,0.80853047,
 0.93265053,0.87103808,0.475601  ,0.92140063,0.0591209 ,0.60738298,
 0.80637189,0.7556822 ,0.11175316,0.90948487,0.85256715,0.95073022,
 0.76671741,0.7405737 ,0.48965066,0.37546636,0.32094596,0.73896033,
 0.67549418,0.43634468,0.7894528 ,0.75083353,0.74566782,0.64202691,
 0.76758277,0.35725678,0.65631685,0.07200479,0.87638056,0.17235391,
 0.1323643 ,0.93577476,0.41906579,0.0869868 ,0.82884026,0.51507248,
 0.96924621,0.57970231,0.85416205,0.33489968,0.34339778,0.75531947,
 0.45517007,0.08345651,0.39764384,0.32196948,0.78684579,0.28780286,
 0.98830016,0.02355025,0.60550313,0.48675331,0.75452026,0.36436634,
 0.76844645,0.33524616,0.0347188 ,0.78207442,0.91938885,0.23371815,
 0.9400805 ,0.37427334,0.60563022,0.18384967,0.68248239,0.71805459,
 0.5597026 ,0.38530785,0.81341852,0.22616774,0.89323474,0.01915197,
 0.46945094,0.89053087,0.82670949,0.12393977,0.86275338,0.35954798,
 0.59438061,0.33085315,0.82849549,0.09252971,0.83579464,0.12336932,
 0.50377122,0.70946738,0.77777718,0.94804941,0.5933455 ,0.41775065,
 0.86405459,0.13359274,0.82047315,0.28967011,0.20060438,0.50372791,
 0.42600622,0.74615112,0.69178705,0.72535185,0.46649891,0.21492186,
 0.69095391,0.76325902,0.941003  ,0.18101975,0.81508446,0.38951556,
 0.38925806,0.35657053,0.00928093,0.10555397,0.23914465,0.02785443,
 0.90085298,0.68005534,0.27745402,0.79148493,0.23714084,0.78961951,
 0.08848002,0.03340601,0.19186163,0.04045505,0.20549196,0.96026103,
 0.68443159,0.14129304,0.0398955 ,0.04915336,0.72201633,0.81030517,
 0.49195273,0.33037232,0.78254263,0.18750206,0.2738579 ,0.23715871,
 0.07835297,0.59307612,0.25244362,0.14998509,0.30603201,0.38738046,
 0.43733545,0.91461351,0.61656594,0.70866929,0.06620336,0.59548719,
 0.22765572,0.61248454,0.71968714,0.78011823,0.93917678,0.69546589,
 0.69607644,0.42461049,0.66337633,0.05656582,0.95629604,0.93456954,
 0.64264222,0.29820571,0.69995031,0.53791559,0.93051372,0.05332631,
 0.63905095,0.87142602,0.48084055,0.66771944,0.03522584,0.48652328,
 0.04317622,0.26733466,0.74874288,0.40740648,0.16925368,0.31192708,
 0.2857306 ,0.99098358,0.70640205,0.58298057,0.8496715 ,0.96392889,
 0.56433974,0.2010099 ,0.41042765,0.25575458,0.15479412,0.76535874,
 0.80754293,0.12020976,0.07164788,0.07085727,0.71394675,0.32567774,
 0.34795129,0.53504999,0.82184932,0.92660665,0.32177995,0.2641586 ,
 0.41469226,0.80158463,0.37244286,0.91548114,0.05440256,0.3319192 ,
 0.08196982,0.42705973,0.21546529,0.07843465,0.81796129,0.90202203,
 0.61705309,0.37121221,0.28473992,0.9846423 ,0.21577474,0.30308566,
 0.12374584,0.13638025,0.80301841,0.00207869,0.65513716,0.41435029,
 0.49307003,0.97353769,0.2661313 ,0.55245782,0.53476551,0.61892888,
 0.16371924,0.96340519,0.38490615,0.20006892,0.27714898,0.227353  ,
 0.84349236,0.20199951,0.52257109,0.23503704,0.31748886,0.06407362,
 0.90681742,0.29256749,0.00892648,0.30441421,0.98073069,0.60141832,
 0.2478698 ,0.16121288,0.1671056 ,0.54954087,0.48735809,0.62131842,
 0.31962323,0.03812954,0.1001258 ,0.81244889,0.36693884,0.47570628,
 0.12263712,0.86197291,0.09679791,0.85792757,0.49702357,0.27500547,
 0.25244844,0.21447791,0.92203437,0.45800451,0.21087437,0.16368203,
 0.23903827,0.73507315,0.11537673,0.73012474,0.66274843,0.3843212 ,
 0.52327358,0.67258607,0.51966209,0.49208582,0.8270918 ,0.16456817,
 0.32094315,0.89876304,0.81476121,0.97172298,0.72069239,0.73443562,
 0.18914255,0.65746533,0.52249458,0.701496  ,0.96381034,0.58911158,
 0.55198145,0.88210435,0.90504558,0.2521843 ,0.65039661,0.8916538 ,
 0.31391823,0.89805358]",1000,0.5,0.9
